referenceDesignator,deployYear,deployment,latitude,longitude,deploymentDepth,waterDepth
CE02SHBP-LJ01D-05-ADCPTB104,2014,1,44.636981,-124.305867,80,80
CE02SHBP-LJ01D-05-ADCPTB104,2015,2,44.637185,-124.305903,81,81
CE02SHBP-LJ01D-05-ADCPTB104,2016,3,44.637145,-124.305863,80,80
CE02SHBP-LJ01D-05-ADCPTB104,2017,4,44.637179,-124.305949,78,78
CE02SHBP-LJ01D-05-ADCPTB104,2018,5,44.637131,-124.305920,82,82
CE02SHBP-LJ01D-05-ADCPTB104,2019,6,44.637156,-124.305859,81,81
CE02SHBP-LJ01D-05-ADCPTB104,2020,7,44.637163,-124.305867,81,81
CE02SHBP-LJ01D-05-ADCPTB104,2021,8,44.637194,-124.305837,81,81
CE02SHBP-LJ01D-05-ADCPTB104,2022,9,44.637213,-124.305724,81,81
CE02SHBP-LJ01D-06-CTDBPN106,2014,1,44.636981,-124.305867,80,80
CE02SHBP-LJ01D-06-CTDBPN106,2015,2,44.637185,-124.305903,81,81
CE02SHBP-LJ01D-06-CTDBPN106,2016,3,44.637145,-124.305863,80,80
CE02SHBP-LJ01D-06-CTDBPN106,2017,4,44.637179,-124.305949,78,78
CE02SHBP-LJ01D-06-CTDBPN106,2018,5,44.637131,-124.305920,82,82
CE02SHBP-LJ01D-06-CTDBPN106,2019,6,44.637156,-124.305859,81,81
CE02SHBP-LJ01D-06-CTDBPN106,2020,7,44.637163,-124.305867,81,81
CE02SHBP-LJ01D-06-CTDBPN106,2021,8,44.637194,-124.305837,81,81
CE02SHBP-LJ01D-06-CTDBPN106,2022,9,44.637213,-124.305724,81,81
CE02SHBP-LJ01D-06-DOSTAD106,2014,1,44.636981,-124.305867,80,80
CE02SHBP-LJ01D-06-DOSTAD106,2015,2,44.637185,-124.305903,81,81
CE02SHBP-LJ01D-06-DOSTAD106,2016,3,44.637145,-124.305863,80,80
CE02SHBP-LJ01D-06-DOSTAD106,2017,4,44.637179,-124.305949,78,78
CE02SHBP-LJ01D-06-DOSTAD106,2018,5,44.637131,-124.305920,82,82
CE02SHBP-LJ01D-06-DOSTAD106,2019,6,44.637156,-124.305859,81,81
CE02SHBP-LJ01D-06-DOSTAD106,2020,7,44.637163,-124.305867,81,81
CE02SHBP-LJ01D-06-DOSTAD106,2021,8,44.637194,-124.305837,81,81
CE02SHBP-LJ01D-06-DOSTAD106,2022,9,44.637213,-124.305724,81,81
CE02SHBP-LJ01D-07-VEL3DC108,2014,1,44.636981,-124.305867,80,80
CE02SHBP-LJ01D-07-VEL3DC108,2015,2,44.637185,-124.305903,81,81
CE02SHBP-LJ01D-07-VEL3DC108,2016,3,44.637145,-124.305863,80,80
CE02SHBP-LJ01D-07-VEL3DC108,2017,4,44.637179,-124.305949,78,78
CE02SHBP-LJ01D-07-VEL3DC108,2018,5,44.637131,-124.305920,82,82
CE02SHBP-LJ01D-07-VEL3DC108,2019,6,44.637156,-124.305859,81,81
CE02SHBP-LJ01D-07-VEL3DC108,2020,7,44.637163,-124.305867,81,81
CE02SHBP-LJ01D-07-VEL3DC108,2021,8,44.637194,-124.305837,81,81
CE02SHBP-LJ01D-07-VEL3DC108,2022,9,44.637213,-124.305724,81,81
CE02SHBP-LJ01D-08-OPTAAD106,2014,1,44.636981,-124.305867,80,80
CE02SHBP-LJ01D-08-OPTAAD106,2015,2,44.637185,-124.305903,81,81
CE02SHBP-LJ01D-08-OPTAAD106,2016,3,44.637145,-124.305863,80,80
CE02SHBP-LJ01D-08-OPTAAD106,2017,4,44.637179,-124.305949,78,78
CE02SHBP-LJ01D-08-OPTAAD106,2018,5,44.637131,-124.305920,82,82
CE02SHBP-LJ01D-08-OPTAAD106,2019,6,44.637156,-124.305859,81,81
CE02SHBP-LJ01D-08-OPTAAD106,2020,7,44.637163,-124.305867,81,81
CE02SHBP-LJ01D-08-OPTAAD106,2021,8,44.637194,-124.305837,81,81
CE02SHBP-LJ01D-08-OPTAAD106,2022,9,44.637213,-124.305724,81,81
CE02SHBP-LJ01D-09-PCO2WB103,2014,1,44.636981,-124.305867,80,80
CE02SHBP-LJ01D-09-PCO2WB103,2015,2,44.637185,-124.305903,81,81
CE02SHBP-LJ01D-09-PCO2WB103,2016,3,44.637145,-124.305863,80,80
CE02SHBP-LJ01D-09-PCO2WB103,2017,4,44.637179,-124.305949,78,78
CE02SHBP-LJ01D-09-PCO2WB103,2018,5,44.637131,-124.305920,82,82
CE02SHBP-LJ01D-09-PCO2WB103,2019,6,44.637156,-124.305859,81,81
CE02SHBP-LJ01D-09-PCO2WB103,2020,7,44.637163,-124.305867,81,81
CE02SHBP-LJ01D-09-PCO2WB103,2021,8,44.637194,-124.305837,81,81
CE02SHBP-LJ01D-09-PCO2WB103,2022,9,44.637213,-124.305724,81,81
CE02SHBP-LJ01D-10-PHSEND103,2014,1,44.636981,-124.305867,80,80
CE02SHBP-LJ01D-10-PHSEND103,2015,2,44.637185,-124.305903,81,81
CE02SHBP-LJ01D-10-PHSEND103,2016,3,44.637145,-124.305863,80,80
CE02SHBP-LJ01D-10-PHSEND103,2017,4,44.637179,-124.305949,78,78
CE02SHBP-LJ01D-10-PHSEND103,2018,5,44.637131,-124.305920,82,82
CE02SHBP-LJ01D-10-PHSEND103,2019,6,44.637156,-124.305859,81,81
CE02SHBP-LJ01D-10-PHSEND103,2020,7,44.637163,-124.305867,81,81
CE02SHBP-LJ01D-10-PHSEND103,2021,8,44.637194,-124.305837,81,81
CE02SHBP-LJ01D-10-PHSEND103,2022,9,44.637213,-124.305724,81,81
CE02SHBP-LJ01D-11-HYDBBA106,2014,1,44.636971,-124.305776,80,80
CE02SHBP-LJ01D-11-HYDBBA106,2015,2,44.637038,-124.305858,81,81
CE02SHBP-LJ01D-11-HYDBBA106,2016,3,44.637138,-124.305978,81,81
CE02SHBP-LJ01D-11-HYDBBA106,2017,4,44.637151,-124.305963,77,77
CE02SHBP-LJ01D-11-HYDBBA106,2018,5,44.637073,-124.305888,82,82
CE02SHBP-LJ01D-11-HYDBBA106,2019,6,44.636988,-124.305700,81,81
CE02SHBP-LJ01D-11-HYDBBA106,2020,7,44.637092,-124.305857,81,81
CE02SHBP-LJ01D-11-HYDBBA106,2021,8,44.637138,-124.305872,80,80
CE02SHBP-LJ01D-11-HYDBBA106,2022,9,44.637212,-124.305644,80,80
CE02SHBP-MJ01C-07-ZPLSCB101,2014,1,44.637381,-124.305531,80,80
CE02SHBP-MJ01C-07-ZPLSCB101,2015,2,44.637470,-124.305431,83,83
CE02SHBP-MJ01C-07-ZPLSCB101,2016,3,44.637418,-124.305544,82,82
CE02SHBP-MJ01C-07-ZPLSCB101,2017,4,44.637348,-124.305475,79,79
CE02SHBP-MJ01C-07-ZPLSCB101,2019,5,44.637331,-124.305494,81,81
CE02SHBP-MJ01C-07-ZPLSCB101,2020,6,44.637383,-124.305563,82,82
CE02SHBP-MJ01C-07-ZPLSCB101,2021,7,44.637392,-124.305517,82,82
CE02SHBP-MJ01C-07-ZPLSCB101,2022,8,44.637346,-124.305493,82,82
CE02SHBP-MJ01C-08-CAMDSB107,2014,1,44.637234,-124.305507,81,81
CE02SHBP-MJ01C-08-CAMDSB107,2015,2,44.637303,-124.305490,80,80
CE02SHBP-MJ01C-08-CAMDSB107,2016,3,44.637255,-124.305499,81,81
CE02SHBP-MJ01C-08-CAMDSB107,2017,4,44.637255,-124.305499,81,81
CE02SHBP-MJ01C-08-CAMDSB107,2018,5,44.637196,-124.305466,83,83
CE02SHBP-MJ01C-08-CAMDSB107,2019,6,44.637244,-124.305470,82,82
CE02SHBP-MJ01C-08-CAMDSB107,2020,7,44.637210,-124.305458,81,81
CE02SHBP-MJ01C-08-CAMDSB107,2021,8,44.637186,-124.305493,81,81
CE02SHBP-MJ01C-08-CAMDSB107,2022,9,44.637161,-124.305480,81,81
CE04OSBP-LJ01C-05-ADCPSI103,2014,1,44.369556,-124.953745,581,581
CE04OSBP-LJ01C-05-ADCPSI103,2015,2,44.369584,-124.953712,581,581
CE04OSBP-LJ01C-05-ADCPSI103,2016,3,44.369406,-124.953640,581,581
CE04OSBP-LJ01C-05-ADCPSI103,2017,4,44.369419,-124.953576,579,579
CE04OSBP-LJ01C-05-ADCPSI103,2018,5,44.369475,-124.953706,582,582
CE04OSBP-LJ01C-05-ADCPSI103,2019,6,44.369458,-124.953638,580,580
CE04OSBP-LJ01C-05-ADCPSI103,2020,7,44.369397,-124.953617,582,582
CE04OSBP-LJ01C-05-ADCPSI103,2021,8,44.369386,-124.953624,581,581
CE04OSBP-LJ01C-05-ADCPSI103,2022,9,44.369259,-124.953508,581,581
CE04OSBP-LJ01C-06-CTDBPO108,2014,1,44.369556,-124.953745,581,581
CE04OSBP-LJ01C-06-CTDBPO108,2015,2,44.369584,-124.953712,581,581
CE04OSBP-LJ01C-06-CTDBPO108,2016,3,44.369406,-124.953640,581,581
CE04OSBP-LJ01C-06-CTDBPO108,2017,4,44.369419,-124.953576,579,579
CE04OSBP-LJ01C-06-CTDBPO108,2018,5,44.369475,-124.953706,582,582
CE04OSBP-LJ01C-06-CTDBPO108,2019,6,44.369458,-124.953638,580,580
CE04OSBP-LJ01C-06-CTDBPO108,2020,7,44.369397,-124.953617,582,582
CE04OSBP-LJ01C-06-CTDBPO108,2021,8,44.369386,-124.953624,581,581
CE04OSBP-LJ01C-06-CTDBPO108,2022,9,44.369259,-124.953508,581,581
CE04OSBP-LJ01C-06-DOSTAD108,2014,1,44.369556,-124.953745,581,581
CE04OSBP-LJ01C-06-DOSTAD108,2015,2,44.369584,-124.953712,581,581
CE04OSBP-LJ01C-06-DOSTAD108,2016,3,44.369406,-124.953640,581,581
CE04OSBP-LJ01C-06-DOSTAD108,2017,4,44.369419,-124.953576,579,579
CE04OSBP-LJ01C-06-DOSTAD108,2018,5,44.369475,-124.953706,582,582
CE04OSBP-LJ01C-06-DOSTAD108,2019,6,44.369458,-124.953638,580,580
CE04OSBP-LJ01C-06-DOSTAD108,2020,7,44.369397,-124.953617,582,582
CE04OSBP-LJ01C-06-DOSTAD108,2021,8,44.369386,-124.953624,581,581
CE04OSBP-LJ01C-06-DOSTAD108,2022,9,44.369259,-124.953508,581,581
CE04OSBP-LJ01C-07-VEL3DC107,2014,1,44.369556,-124.953745,581,581
CE04OSBP-LJ01C-07-VEL3DC107,2015,2,44.369584,-124.953712,581,581
CE04OSBP-LJ01C-07-VEL3DC107,2016,3,44.369406,-124.953640,581,581
CE04OSBP-LJ01C-07-VEL3DC107,2017,4,44.369419,-124.953576,579,579
CE04OSBP-LJ01C-07-VEL3DC107,2018,5,44.369475,-124.953706,582,582
CE04OSBP-LJ01C-07-VEL3DC107,2019,6,44.369458,-124.953638,580,580
CE04OSBP-LJ01C-07-VEL3DC107,2020,7,44.369397,-124.953617,582,582
CE04OSBP-LJ01C-07-VEL3DC107,2021,8,44.369386,-124.953624,580,580
CE04OSBP-LJ01C-07-VEL3DC107,2022,9,44.369259,-124.953508,581,581
CE04OSBP-LJ01C-08-OPTAAC104,2014,1,44.369556,-124.953745,581,581
CE04OSBP-LJ01C-08-OPTAAC104,2015,2,44.369584,-124.953712,581,581
CE04OSBP-LJ01C-08-OPTAAC104,2016,3,44.369406,-124.953640,581,581
CE04OSBP-LJ01C-08-OPTAAC104,2017,4,44.369419,-124.953576,579,579
CE04OSBP-LJ01C-08-OPTAAC104,2018,5,44.369475,-124.953706,582,582
CE04OSBP-LJ01C-08-OPTAAC104,2019,6,44.369458,-124.953638,580,580
CE04OSBP-LJ01C-08-OPTAAC104,2020,7,44.369397,-124.953617,582,582
CE04OSBP-LJ01C-08-OPTAAC104,2021,8,44.369386,-124.953624,581,581
CE04OSBP-LJ01C-08-OPTAAC104,2022,9,44.369259,-124.953508,581,581
CE04OSBP-LJ01C-09-PCO2WB104,2014,1,44.369556,-124.953745,581,581
CE04OSBP-LJ01C-09-PCO2WB104,2015,2,44.369584,-124.953712,581,581
CE04OSBP-LJ01C-09-PCO2WB104,2016,3,44.369406,-124.953640,581,581
CE04OSBP-LJ01C-09-PCO2WB104,2017,4,44.369419,-124.953576,579,579
CE04OSBP-LJ01C-09-PCO2WB104,2018,5,44.369475,-124.953706,582,582
CE04OSBP-LJ01C-09-PCO2WB104,2019,6,44.369458,-124.953638,580,580
CE04OSBP-LJ01C-09-PCO2WB104,2020,7,44.369397,-124.953617,582,582
CE04OSBP-LJ01C-09-PCO2WB104,2021,8,44.369386,-124.953624,581,581
CE04OSBP-LJ01C-09-PCO2WB104,2022,9,44.369259,-124.953508,581,581
CE04OSBP-LJ01C-10-PHSEND107,2014,1,44.369556,-124.953745,581,581
CE04OSBP-LJ01C-10-PHSEND107,2015,2,44.369584,-124.953712,581,581
CE04OSBP-LJ01C-10-PHSEND107,2016,3,44.369406,-124.953640,581,581
CE04OSBP-LJ01C-10-PHSEND107,2017,4,44.369419,-124.953576,579,579
CE04OSBP-LJ01C-10-PHSEND107,2018,5,44.369475,-124.953706,582,582
CE04OSBP-LJ01C-10-PHSEND107,2019,6,44.369458,-124.953638,580,580
CE04OSBP-LJ01C-10-PHSEND107,2020,7,44.369397,-124.953617,582,582
CE04OSBP-LJ01C-10-PHSEND107,2021,8,44.369386,-124.953624,581,581
CE04OSBP-LJ01C-10-PHSEND107,2022,9,44.369259,-124.953508,581,581
CE04OSBP-LJ01C-11-HYDBBA105,2014,1,44.369628,-124.953816,581,581
CE04OSBP-LJ01C-11-HYDBBA105,2015,2,44.369523,-124.953783,580,580
CE04OSBP-LJ01C-11-HYDBBA105,2016,3,44.369458,-124.953565,581,581
CE04OSBP-LJ01C-11-HYDBBA105,2017,4,44.369465,-124.953453,578,578
CE04OSBP-LJ01C-11-HYDBBA105,2018,5,44.369516,-124.953773,583,583
CE04OSBP-LJ01C-11-HYDBBA105,2019,6,44.369444,-124.953690,580,580
CE04OSBP-LJ01C-11-HYDBBA105,2020,7,44.369435,-124.953563,582,582
CE04OSBP-LJ01C-11-HYDBBA105,2021,8,44.369461,-124.953632,581,581
CE04OSBP-LJ01C-11-HYDBBA105,2022,9,44.369328,-124.953475,581,581
CE04OSBP-LV01C-06-CAMDSB106,2014,1,44.369296,-124.954078,581,581
CE04OSBP-LV01C-06-CAMDSB106,2015,2,44.369296,-124.954097,582,582
CE04OSBP-LV01C-06-CAMDSB106,2016,3,44.369112,-124.954075,581,581
CE04OSBP-LV01C-06-CAMDSB106,2017,4,44.369383,-124.954280,578,578
CE04OSBP-LV01C-06-CAMDSB106,2018,5,44.369341,-124.953756,581,581
CE04OSBP-LV01C-06-CAMDSB106,2019,6,44.369290,-124.953890,581,581
CE04OSBP-LV01C-06-CAMDSB106,2020,7,44.369336,-124.953886,585,585
CE04OSBP-LV01C-06-CAMDSB106,2021,8,44.369404,-124.953865,582,582
CE04OSBP-LV01C-06-CAMDSB106,2022,9,44.369365,-124.953867,582,582
CE04OSPD-DP01B-00-ENG000000,2014,1,44.368305,-124.952756,N/A,582
CE04OSPD-DP01B-00-ENG000000,2015,2,44.368527,-124.952667,N/A,582
CE04OSPD-DP01B-00-ENG000000,2016,3,44.368433,-124.953043,N/A,583
CE04OSPD-DP01B-00-ENG000000,2017,4,44.368262,-124.952751,N/A,583
CE04OSPD-DP01B-00-ENG000000,2017,5,44.368262,-124.952751,N/A,583
CE04OSPD-DP01B-00-ENG000000,2018,6,44.368193,-124.952819,N/A,583
CE04OSPD-DP01B-00-ENG000000,2019,7,44.368188,-124.952813,N/A,583
CE04OSPD-DP01B-00-ENG000000,2019,8,44.368188,-124.952813,N/A,583
CE04OSPD-DP01B-00-ENG000000,2020,9,44.368193,-124.952819,N/A,583
CE04OSPD-DP01B-00-ENG000000,2021,10,44.368228,-124.952795,N/A,582
CE04OSPD-DP01B-00-ENG000000,2022,11,44.368196,-124.952808,N/A,582
CE04OSPD-DP01B-01-CTDPFL105,2014,1,44.368305,-124.952756,N/A,582
CE04OSPD-DP01B-01-CTDPFL105,2015,2,44.368527,-124.952667,N/A,582
CE04OSPD-DP01B-01-CTDPFL105,2016,3,44.368433,-124.953043,N/A,583
CE04OSPD-DP01B-01-CTDPFL105,2017,4,44.368262,-124.952751,N/A,583
CE04OSPD-DP01B-01-CTDPFL105,2017,5,44.368262,-124.952751,N/A,583
CE04OSPD-DP01B-01-CTDPFL105,2018,6,44.368193,-124.952819,N/A,583
CE04OSPD-DP01B-01-CTDPFL105,2019,7,44.368188,-124.952813,N/A,583
CE04OSPD-DP01B-01-CTDPFL105,2019,8,44.368188,-124.952813,N/A,583
CE04OSPD-DP01B-01-CTDPFL105,2020,9,44.368193,-124.952819,N/A,583
CE04OSPD-DP01B-01-CTDPFL105,2021,10,44.368228,-124.952795,N/A,582
CE04OSPD-DP01B-01-CTDPFL105,2022,11,44.368196,-124.952808,N/A,582
CE04OSPD-DP01B-02-VEL3DA105,2014,1,44.368305,-124.952756,N/A,582
CE04OSPD-DP01B-02-VEL3DA105,2015,2,44.368527,-124.952667,N/A,582
CE04OSPD-DP01B-02-VEL3DA105,2016,3,44.368433,-124.953043,N/A,583
CE04OSPD-DP01B-02-VEL3DA105,2017,4,44.368262,-124.952751,N/A,583
CE04OSPD-DP01B-02-VEL3DA105,2017,5,44.368262,-124.952751,N/A,583
CE04OSPD-DP01B-02-VEL3DA105,2018,6,44.368193,-124.952819,N/A,583
CE04OSPD-DP01B-02-VEL3DA105,2019,7,44.368188,-124.952813,N/A,583
CE04OSPD-DP01B-02-VEL3DA105,2019,8,44.368188,-124.952813,N/A,583
CE04OSPD-DP01B-02-VEL3DA105,2020,9,44.368193,-124.952819,N/A,583
CE04OSPD-DP01B-02-VEL3DA105,2021,10,44.368228,-124.952795,N/A,582
CE04OSPD-DP01B-02-VEL3DA105,2022,11,44.368196,-124.952808,N/A,582
CE04OSPD-DP01B-03-FLCDRA103,2014,1,44.368305,-124.952756,N/A,582
CE04OSPD-DP01B-03-FLCDRA103,2015,2,44.368527,-124.952667,N/A,582
CE04OSPD-DP01B-03-FLCDRA103,2016,3,44.368433,-124.953043,N/A,583
CE04OSPD-DP01B-03-FLCDRA103,2017,4,44.368262,-124.952751,N/A,583
CE04OSPD-DP01B-03-FLCDRA103,2017,5,44.368262,-124.952751,N/A,583
CE04OSPD-DP01B-03-FLCDRA103,2018,6,44.368193,-124.952819,N/A,583
CE04OSPD-DP01B-03-FLCDRA103,2019,7,44.368188,-124.952813,N/A,583
CE04OSPD-DP01B-03-FLCDRA103,2019,8,44.368188,-124.952813,N/A,583
CE04OSPD-DP01B-03-FLCDRA103,2020,9,44.368193,-124.952819,N/A,583
CE04OSPD-DP01B-03-FLCDRA103,2021,10,44.368228,-124.952795,N/A,582
CE04OSPD-DP01B-03-FLCDRA103,2022,11,44.368196,-124.952808,N/A,582
CE04OSPD-DP01B-04-FLNTUA103,2014,1,44.368305,-124.952756,N/A,582
CE04OSPD-DP01B-04-FLNTUA103,2015,2,44.368527,-124.952667,N/A,582
CE04OSPD-DP01B-04-FLNTUA103,2016,3,44.368433,-124.953043,N/A,583
CE04OSPD-DP01B-04-FLNTUA103,2017,4,44.368262,-124.952751,N/A,583
CE04OSPD-DP01B-04-FLNTUA103,2017,5,44.368262,-124.952751,N/A,583
CE04OSPD-DP01B-04-FLNTUA103,2018,6,44.368193,-124.952819,N/A,583
CE04OSPD-DP01B-04-FLNTUA103,2019,7,44.368188,-124.952813,N/A,583
CE04OSPD-DP01B-04-FLNTUA103,2019,8,44.368188,-124.952813,N/A,583
CE04OSPD-DP01B-04-FLNTUA103,2020,9,44.368193,-124.952819,N/A,583
CE04OSPD-DP01B-04-FLNTUA103,2021,10,44.368228,-124.952795,N/A,582
CE04OSPD-DP01B-04-FLNTUA103,2022,11,44.368196,-124.952808,N/A,582
CE04OSPD-DP01B-06-DOSTAD105,2014,1,44.368305,-124.952756,N/A,582
CE04OSPD-DP01B-06-DOSTAD105,2015,2,44.368527,-124.952667,N/A,582
CE04OSPD-DP01B-06-DOSTAD105,2016,3,44.368433,-124.953043,N/A,583
CE04OSPD-DP01B-06-DOSTAD105,2017,4,44.368262,-124.952751,N/A,583
CE04OSPD-DP01B-06-DOSTAD105,2017,5,44.368262,-124.952751,N/A,583
CE04OSPD-DP01B-06-DOSTAD105,2018,6,44.368193,-124.952819,N/A,583
CE04OSPD-DP01B-06-DOSTAD105,2019,7,44.368188,-124.952813,N/A,583
CE04OSPD-DP01B-06-DOSTAD105,2019,8,44.368188,-124.952813,N/A,583
CE04OSPD-DP01B-06-DOSTAD105,2020,9,44.368193,-124.952819,N/A,583
CE04OSPD-DP01B-06-DOSTAD105,2021,10,44.368228,-124.952795,N/A,582
CE04OSPD-DP01B-06-DOSTAD105,2022,11,44.368196,-124.952808,N/A,582
CE04OSPS-PC01B-05-ZPLSCB102,2014,1,44.374163,-124.956480,193,574
CE04OSPS-PC01B-05-ZPLSCB102,2015,2,44.374163,-124.956480,193,574
CE04OSPS-PC01B-05-ZPLSCB102,2016,3,44.374163,-124.956480,193,574
CE04OSPS-PC01B-05-ZPLSCB102,2017,4,44.374163,-124.956480,193,574
CE04OSPS-PC01B-05-ZPLSCB102,2018,5,44.374225,-124.956429,197,574
CE04OSPS-PC01B-05-ZPLSCB102,2019,6,44.374225,-124.956429,197,574
CE04OSPS-PC01B-05-ZPLSCB102,2020,7,44.374225,-124.956429,197,574
CE04OSPS-PC01B-05-ZPLSCB102,2021,8,44.374225,-124.956429,197,574
CE04OSPS-PC01B-05-ZPLSCB102,2022,9,44.369353,-124.954108,197,574
CE04OSPS-PC01B-4A-CTDPFA109,2014,1,44.374163,-124.956480,193,574
CE04OSPS-PC01B-4A-CTDPFA109,2015,2,44.374163,-124.956480,193,574
CE04OSPS-PC01B-4A-CTDPFA109,2016,3,44.374163,-124.956480,193,574
CE04OSPS-PC01B-4A-CTDPFA109,2017,4,44.374163,-124.956480,193,574
CE04OSPS-PC01B-4A-CTDPFA109,2018,5,44.374225,-124.956429,197,574
CE04OSPS-PC01B-4A-CTDPFA109,2019,6,44.374225,-124.956429,197,574
CE04OSPS-PC01B-4A-CTDPFA109,2020,7,44.374225,-124.956429,197,574
CE04OSPS-PC01B-4A-CTDPFA109,2021,8,44.374225,-124.956429,197,574
CE04OSPS-PC01B-4A-CTDPFA109,2022,9,44.369353,-124.954108,197,574
CE04OSPS-PC01B-4A-DOSTAD109,2014,1,44.374163,-124.956480,193,574
CE04OSPS-PC01B-4A-DOSTAD109,2015,2,44.374163,-124.956480,193,574
CE04OSPS-PC01B-4A-DOSTAD109,2016,3,44.374163,-124.956480,193,574
CE04OSPS-PC01B-4A-DOSTAD109,2017,4,44.374163,-124.956480,193,574
CE04OSPS-PC01B-4A-DOSTAD109,2018,5,44.374225,-124.956429,197,574
CE04OSPS-PC01B-4A-DOSTAD109,2019,6,44.374225,-124.956429,197,574
CE04OSPS-PC01B-4A-DOSTAD109,2020,7,44.374225,-124.956429,197,574
CE04OSPS-PC01B-4A-DOSTAD109,2021,8,44.374225,-124.956429,197,574
CE04OSPS-PC01B-4A-DOSTAD109,2022,9,44.369353,-124.954108,197,574
CE04OSPS-PC01B-4B-PHSENA106,2014,1,44.374163,-124.956480,193,574
CE04OSPS-PC01B-4B-PHSENA106,2015,2,44.374163,-124.956480,193,574
CE04OSPS-PC01B-4B-PHSENA106,2016,3,44.374163,-124.956480,193,574
CE04OSPS-PC01B-4B-PHSENA106,2017,4,44.374163,-124.956480,193,574
CE04OSPS-PC01B-4B-PHSENA106,2018,5,44.374225,-124.956429,197,574
CE04OSPS-PC01B-4B-PHSENA106,2019,6,44.374225,-124.956429,197,574
CE04OSPS-PC01B-4B-PHSENA106,2020,7,44.374225,-124.956429,197,574
CE04OSPS-PC01B-4B-PHSENA106,2021,8,44.374225,-124.956429,197,574
CE04OSPS-PC01B-4B-PHSENA106,2022,9,44.369353,-124.954108,197,574
CE04OSPS-PC01B-4D-PCO2WA105,2014,1,44.374163,-124.956480,193,574
CE04OSPS-PC01B-4D-PCO2WA105,2015,2,44.374163,-124.956480,193,574
CE04OSPS-PC01B-4D-PCO2WA105,2016,3,44.374163,-124.956480,193,574
CE04OSPS-PC01B-4D-PCO2WA105,2017,4,44.374163,-124.956480,193,574
CE04OSPS-PC01B-4D-PCO2WA105,2018,5,44.374225,-124.956429,197,574
CE04OSPS-PC01B-4D-PCO2WA105,2019,6,44.374225,-124.956429,197,574
CE04OSPS-PC01B-4D-PCO2WA105,2020,7,44.374225,-124.956429,197,574
CE04OSPS-PC01B-4D-PCO2WA105,2021,8,44.374225,-124.956429,197,574
CE04OSPS-PC01B-4D-PCO2WA105,2022,9,44.369353,-124.954108,197,574
CE04OSPS-SF01B-2A-CTDPFA107,2014,1,44.374163,-124.956480,N/A,574
CE04OSPS-SF01B-2A-CTDPFA107,2015,2,44.374163,-124.956480,N/A,574
CE04OSPS-SF01B-2A-CTDPFA107,2016,3,44.374163,-124.956480,N/A,574
CE04OSPS-SF01B-2A-CTDPFA107,2017,4,44.374163,-124.956480,N/A,574
CE04OSPS-SF01B-2A-CTDPFA107,2018,5,44.374225,-124.956429,197,574
CE04OSPS-SF01B-2A-CTDPFA107,2019,6,44.374225,-124.956429,197,574
CE04OSPS-SF01B-2A-CTDPFA107,2020,7,44.374225,-124.956429,197,574
CE04OSPS-SF01B-2A-CTDPFA107,2021,8,44.374225,-124.956429,N/A,574
CE04OSPS-SF01B-2A-CTDPFA107,2022,9,44.369353,-124.954108,N/A,574
CE04OSPS-SF01B-2A-DOFSTA107,2014,1,44.374163,-124.956480,N/A,574
CE04OSPS-SF01B-2A-DOFSTA107,2015,2,44.374163,-124.956480,N/A,574
CE04OSPS-SF01B-2A-DOFSTA107,2016,3,44.374163,-124.956480,N/A,574
CE04OSPS-SF01B-2A-DOFSTA107,2017,4,44.374163,-124.956480,N/A,574
CE04OSPS-SF01B-2A-DOFSTA107,2018,5,44.374225,-124.956429,197,574
CE04OSPS-SF01B-2A-DOFSTA107,2019,6,44.374225,-124.956429,197,574
CE04OSPS-SF01B-2A-DOFSTA107,2020,7,44.374225,-124.956429,197,574
CE04OSPS-SF01B-2A-DOFSTA107,2021,8,44.374225,-124.956429,N/A,574
CE04OSPS-SF01B-2A-DOFSTA107,2022,9,44.369353,-124.954108,N/A,574
CE04OSPS-SF01B-2B-PHSENA108,2014,1,44.374163,-124.956480,N/A,574
CE04OSPS-SF01B-2B-PHSENA108,2015,2,44.374163,-124.956480,N/A,574
CE04OSPS-SF01B-2B-PHSENA108,2016,3,44.374163,-124.956480,N/A,574
CE04OSPS-SF01B-2B-PHSENA108,2017,4,44.374163,-124.956480,N/A,574
CE04OSPS-SF01B-2B-PHSENA108,2018,5,44.374225,-124.956429,197,574
CE04OSPS-SF01B-2B-PHSENA108,2019,6,44.374225,-124.956429,197,574
CE04OSPS-SF01B-2B-PHSENA108,2020,7,44.374225,-124.956429,197,574
CE04OSPS-SF01B-2B-PHSENA108,2021,8,44.374225,-124.956429,N/A,574
CE04OSPS-SF01B-2B-PHSENA108,2022,9,44.369353,-124.954108,N/A,574
CE04OSPS-SF01B-3A-FLORTD104,2014,1,44.374163,-124.956480,N/A,574
CE04OSPS-SF01B-3A-FLORTD104,2015,2,44.374163,-124.956480,N/A,574
CE04OSPS-SF01B-3A-FLORTD104,2016,3,44.374163,-124.956480,N/A,574
CE04OSPS-SF01B-3A-FLORTD104,2017,4,44.374163,-124.956480,N/A,574
CE04OSPS-SF01B-3A-FLORTD104,2018,5,44.374225,-124.956429,197,574
CE04OSPS-SF01B-3A-FLORTD104,2019,6,44.374225,-124.956429,197,574
CE04OSPS-SF01B-3A-FLORTD104,2020,7,44.374225,-124.956429,197,574
CE04OSPS-SF01B-3A-FLORTD104,2021,8,44.374225,-124.956429,N/A,574
CE04OSPS-SF01B-3A-FLORTD104,2022,9,44.369353,-124.954108,N/A,574
CE04OSPS-SF01B-3B-OPTAAD105,2014,1,44.374163,-124.956480,N/A,574
CE04OSPS-SF01B-3B-OPTAAD105,2015,2,44.374163,-124.956480,N/A,574
CE04OSPS-SF01B-3B-OPTAAD105,2016,3,44.374163,-124.956480,N/A,574
CE04OSPS-SF01B-3B-OPTAAD105,2017,4,44.374163,-124.956480,N/A,574
CE04OSPS-SF01B-3B-OPTAAD105,2018,5,44.374225,-124.956429,197,574
CE04OSPS-SF01B-3B-OPTAAD105,2019,6,44.374225,-124.956429,197,574
CE04OSPS-SF01B-3B-OPTAAD105,2020,7,44.374225,-124.956429,197,574
CE04OSPS-SF01B-3B-OPTAAD105,2021,8,44.374225,-124.956429,N/A,574
CE04OSPS-SF01B-3B-OPTAAD105,2022,9,44.369353,-124.954108,N/A,574
CE04OSPS-SF01B-3C-PARADA102,2014,1,44.374163,-124.956480,N/A,574
CE04OSPS-SF01B-3C-PARADA102,2015,2,44.374163,-124.956480,N/A,574
CE04OSPS-SF01B-3C-PARADA102,2016,3,44.374163,-124.956480,N/A,574
CE04OSPS-SF01B-3C-PARADA102,2017,4,44.374163,-124.956480,N/A,574
CE04OSPS-SF01B-3C-PARADA102,2018,5,44.374225,-124.956429,197,574
CE04OSPS-SF01B-3C-PARADA102,2019,6,44.374225,-124.956429,197,574
CE04OSPS-SF01B-3C-PARADA102,2020,7,44.374225,-124.956429,197,574
CE04OSPS-SF01B-3C-PARADA102,2021,8,44.374225,-124.956429,N/A,574
CE04OSPS-SF01B-3C-PARADA102,2022,9,44.369353,-124.954108,N/A,574
CE04OSPS-SF01B-3D-SPKIRA102,2014,1,44.374163,-124.956480,N/A,574
CE04OSPS-SF01B-3D-SPKIRA102,2015,2,44.374163,-124.956480,N/A,574
CE04OSPS-SF01B-3D-SPKIRA102,2016,3,44.374163,-124.956480,N/A,574
CE04OSPS-SF01B-3D-SPKIRA102,2017,4,44.374163,-124.956480,N/A,574
CE04OSPS-SF01B-3D-SPKIRA102,2018,5,44.374225,-124.956429,197,574
CE04OSPS-SF01B-3D-SPKIRA102,2019,6,44.374225,-124.956429,197,574
CE04OSPS-SF01B-3D-SPKIRA102,2020,7,44.374225,-124.956429,197,574
CE04OSPS-SF01B-3D-SPKIRA102,2021,8,44.374225,-124.956429,N/A,574
CE04OSPS-SF01B-3D-SPKIRA102,2022,9,44.369353,-124.954108,N/A,574
CE04OSPS-SF01B-4A-NUTNRA102,2014,1,44.374163,-124.956480,N/A,574
CE04OSPS-SF01B-4A-NUTNRA102,2015,2,44.374163,-124.956480,N/A,574
CE04OSPS-SF01B-4A-NUTNRA102,2016,3,44.374163,-124.956480,N/A,574
CE04OSPS-SF01B-4A-NUTNRA102,2017,4,44.374163,-124.956480,N/A,574
CE04OSPS-SF01B-4A-NUTNRA102,2018,5,44.374225,-124.956429,197,574
CE04OSPS-SF01B-4A-NUTNRA102,2019,6,44.374225,-124.956429,197,574
CE04OSPS-SF01B-4A-NUTNRA102,2020,7,44.374225,-124.956429,197,574
CE04OSPS-SF01B-4A-NUTNRA102,2021,8,44.374225,-124.956429,N/A,574
CE04OSPS-SF01B-4A-NUTNRA102,2022,9,44.369353,-124.954108,N/A,574
CE04OSPS-SF01B-4B-VELPTD106,2014,1,44.374163,-124.956480,N/A,574
CE04OSPS-SF01B-4B-VELPTD106,2015,2,44.374163,-124.956480,N/A,574
CE04OSPS-SF01B-4B-VELPTD106,2016,3,44.374163,-124.956480,N/A,574
CE04OSPS-SF01B-4B-VELPTD106,2017,4,44.374163,-124.956480,N/A,574
CE04OSPS-SF01B-4B-VELPTD106,2018,5,44.374225,-124.956429,197,574
CE04OSPS-SF01B-4B-VELPTD106,2019,6,44.374225,-124.956429,197,574
CE04OSPS-SF01B-4B-VELPTD106,2020,7,44.374225,-124.956429,197,574
CE04OSPS-SF01B-4B-VELPTD106,2021,8,44.374225,-124.956429,N/A,574
CE04OSPS-SF01B-4B-VELPTD106,2022,9,44.369353,-124.954108,N/A,574
CE04OSPS-SF01B-4F-PCO2WA102,2014,1,44.374163,-124.956480,N/A,574
CE04OSPS-SF01B-4F-PCO2WA102,2015,2,44.374163,-124.956480,N/A,574
CE04OSPS-SF01B-4F-PCO2WA102,2016,3,44.374163,-124.956480,N/A,574
CE04OSPS-SF01B-4F-PCO2WA102,2017,4,44.374163,-124.956480,N/A,574
CE04OSPS-SF01B-4F-PCO2WA102,2018,5,44.374225,-124.956429,197,574
CE04OSPS-SF01B-4F-PCO2WA102,2019,6,44.374225,-124.956429,197,574
CE04OSPS-SF01B-4F-PCO2WA102,2020,7,44.374225,-124.956429,197,574
CE04OSPS-SF01B-4F-PCO2WA102,2021,8,44.374225,-124.956429,N/A,574
CE04OSPS-SF01B-4F-PCO2WA102,2022,9,44.369353,-124.954108,N/A,574
RS01SBPD-DP01A-00-ENG000000,2014,1,44.527467,-125.380673,N/A,2901
RS01SBPD-DP01A-00-ENG000000,2015,2,44.527636,-125.380868,N/A,2900
RS01SBPD-DP01A-00-ENG000000,2016,3,44.527496,-125.380629,N/A,2903
RS01SBPD-DP01A-00-ENG000000,2018,4,44.527458,-125.380328,N/A,2903
RS01SBPD-DP01A-00-ENG000000,2019,5,44.527458,-125.380328,N/A,2903
RS01SBPD-DP01A-00-ENG000000,2020,6,44.527458,-125.380328,N/A,2903
RS01SBPD-DP01A-00-ENG000000,2021,7,44.527512,-125.380619,N/A,2900
RS01SBPD-DP01A-00-ENG000000,2022,8,44.527052,-125.380200,N/A,2900
RS01SBPD-DP01A-01-CTDPFL104,2014,1,44.527467,-125.380673,N/A,2901
RS01SBPD-DP01A-01-CTDPFL104,2015,2,44.527636,-125.380868,N/A,2900
RS01SBPD-DP01A-01-CTDPFL104,2016,3,44.527496,-125.380629,N/A,2903
RS01SBPD-DP01A-01-CTDPFL104,2018,4,44.527458,-125.380328,N/A,2903
RS01SBPD-DP01A-01-CTDPFL104,2019,5,44.527458,-125.380328,N/A,2903
RS01SBPD-DP01A-01-CTDPFL104,2020,6,44.527458,-125.380328,N/A,2903
RS01SBPD-DP01A-01-CTDPFL104,2021,7,44.527512,-125.380619,N/A,2900
RS01SBPD-DP01A-01-CTDPFL104,2022,8,44.527052,-125.380200,N/A,2900
RS01SBPD-DP01A-02-VEL3DA103,2014,1,44.527467,-125.380673,N/A,2901
RS01SBPD-DP01A-02-VEL3DA103,2015,2,44.527636,-125.380868,N/A,2900
RS01SBPD-DP01A-02-VEL3DA103,2016,3,44.527496,-125.380629,N/A,2903
RS01SBPD-DP01A-02-VEL3DA103,2018,4,44.527458,-125.380328,N/A,2903
RS01SBPD-DP01A-02-VEL3DA103,2019,5,44.527458,-125.380328,N/A,2903
RS01SBPD-DP01A-02-VEL3DA103,2020,6,44.527458,-125.380328,N/A,2903
RS01SBPD-DP01A-02-VEL3DA103,2021,7,44.527512,-125.380619,N/A,2900
RS01SBPD-DP01A-02-VEL3DA103,2022,8,44.527052,-125.380200,N/A,2900
RS01SBPD-DP01A-03-FLCDRA102,2014,1,44.527467,-125.380673,N/A,2901
RS01SBPD-DP01A-03-FLCDRA102,2015,2,44.527636,-125.380868,N/A,2900
RS01SBPD-DP01A-03-FLCDRA102,2016,3,44.527496,-125.380629,N/A,2903
RS01SBPD-DP01A-03-FLCDRA102,2018,4,44.527458,-125.380328,N/A,2903
RS01SBPD-DP01A-03-FLCDRA102,2019,5,44.527458,-125.380328,N/A,2903
RS01SBPD-DP01A-03-FLCDRA102,2020,6,44.527458,-125.380328,N/A,2903
RS01SBPD-DP01A-03-FLCDRA102,2021,7,44.527512,-125.380619,N/A,2900
RS01SBPD-DP01A-03-FLCDRA102,2022,8,44.527052,-125.380200,N/A,2900
RS01SBPD-DP01A-04-FLNTUA102,2014,1,44.527467,-125.380673,N/A,2901
RS01SBPD-DP01A-04-FLNTUA102,2015,2,44.527636,-125.380868,N/A,2900
RS01SBPD-DP01A-04-FLNTUA102,2016,3,44.527496,-125.380629,N/A,2903
RS01SBPD-DP01A-04-FLNTUA102,2018,4,44.527458,-125.380328,N/A,2903
RS01SBPD-DP01A-04-FLNTUA102,2019,5,44.527458,-125.380328,N/A,2903
RS01SBPD-DP01A-04-FLNTUA102,2020,6,44.527458,-125.380328,N/A,2903
RS01SBPD-DP01A-04-FLNTUA102,2021,7,44.527512,-125.380619,N/A,2900
RS01SBPD-DP01A-04-FLNTUA102,2022,8,44.527052,-125.380200,N/A,2900
RS01SBPD-DP01A-05-OPTAAC102,2015,1,44.527636,-125.380868,N/A,2901
RS01SBPD-DP01A-05-OPTAAC102,2016,2,44.527496,-125.380629,N/A,2900
RS01SBPD-DP01A-06-DOSTAD104,2014,1,44.527467,-125.380673,N/A,2901
RS01SBPD-DP01A-06-DOSTAD104,2015,2,44.527636,-125.380868,N/A,2900
RS01SBPD-DP01A-06-DOSTAD104,2016,3,44.527496,-125.380629,N/A,2903
RS01SBPD-DP01A-06-DOSTAD104,2018,4,44.527458,-125.380328,N/A,2903
RS01SBPD-DP01A-06-DOSTAD104,2019,5,44.527458,-125.380328,N/A,2903
RS01SBPD-DP01A-06-DOSTAD104,2020,6,44.527458,-125.380328,N/A,2903
RS01SBPD-DP01A-06-DOSTAD104,2021,7,44.527512,-125.380619,N/A,2900
RS01SBPD-DP01A-06-DOSTAD104,2022,8,44.527052,-125.380200,N/A,2900
RS01SBPS-PC01A-05-ADCPTD102,2014,1,44.528949,-125.389664,196,2904
RS01SBPS-PC01A-05-ADCPTD102,2015,2,44.528949,-125.389664,196,2904
RS01SBPS-PC01A-05-ADCPTD102,2016,3,44.528949,-125.389664,196,2904
RS01SBPS-PC01A-05-ADCPTD102,2017,4,44.528949,-125.389664,196,2904
RS01SBPS-PC01A-05-ADCPTD102,2018,5,44.528949,-125.389664,196,2904
RS01SBPS-PC01A-05-ADCPTD102,2019,6,44.528949,-125.389664,196,2904
RS01SBPS-PC01A-05-ADCPTD102,2020,7,44.528949,-125.389664,196,2904
RS01SBPS-PC01A-05-ADCPTD102,2021,8,44.528879,-125.389741,195,2904
RS01SBPS-PC01A-05-ADCPTD102,2022,9,44.515161,-125.389899,195,2904
RS01SBPS-PC01A-06-VADCPA101,2014,1,44.528949,-125.389664,196,2904
RS01SBPS-PC01A-06-VADCPA101,2015,2,44.528949,-125.389664,196,2904
RS01SBPS-PC01A-06-VADCPA101,2016,3,44.528949,-125.389664,196,2904
RS01SBPS-PC01A-06-VADCPA101,2017,4,44.528949,-125.389664,196,2904
RS01SBPS-PC01A-06-VADCPA101,2018,5,44.528949,-125.389664,196,2904
RS01SBPS-PC01A-06-VADCPA101,2019,6,44.528949,-125.389664,196,2904
RS01SBPS-PC01A-06-VADCPA101,2020,7,44.528949,-125.389664,196,2904
RS01SBPS-PC01A-06-VADCPA101,2021,8,44.528879,-125.389741,195,2904
RS01SBPS-PC01A-06-VADCPA101,2022,9,44.515161,-125.389899,195,2904
RS01SBPS-PC01A-07-CAMDSC102,2014,1,44.528949,-125.389664,196,2904
RS01SBPS-PC01A-07-CAMDSC102,2015,2,44.528949,-125.389664,196,2904
RS01SBPS-PC01A-07-CAMDSC102,2016,3,44.528949,-125.389664,196,2904
RS01SBPS-PC01A-07-CAMDSC102,2017,4,44.528949,-125.389664,196,2904
RS01SBPS-PC01A-07-CAMDSC102,2018,5,44.528949,-125.389664,196,2904
RS01SBPS-PC01A-07-CAMDSC102,2019,6,44.528949,-125.389664,196,2904
RS01SBPS-PC01A-07-CAMDSC102,2020,7,44.528949,-125.389664,196,2904
RS01SBPS-PC01A-07-CAMDSC102,2021,8,44.528879,-125.389741,195,2904
RS01SBPS-PC01A-07-CAMDSC102,2022,9,44.515161,-125.389899,195,2904
RS01SBPS-PC01A-08-HYDBBA103,2014,1,44.528949,-125.389664,196,2904
RS01SBPS-PC01A-08-HYDBBA103,2015,2,44.528949,-125.389664,196,2904
RS01SBPS-PC01A-08-HYDBBA103,2016,3,44.528949,-125.389664,196,2904
RS01SBPS-PC01A-08-HYDBBA103,2017,4,44.528949,-125.389664,196,2904
RS01SBPS-PC01A-08-HYDBBA103,2018,5,44.528949,-125.389664,196,2904
RS01SBPS-PC01A-08-HYDBBA103,2019,6,44.528949,-125.389664,196,2904
RS01SBPS-PC01A-08-HYDBBA103,2020,7,44.528949,-125.389664,196,2904
RS01SBPS-PC01A-08-HYDBBA103,2021,8,44.528879,-125.389741,195,2904
RS01SBPS-PC01A-08-HYDBBA103,2022,9,44.515161,-125.389899,195,2904
RS01SBPS-PC01A-4A-CTDPFA103,2014,1,44.528949,-125.389664,196,2904
RS01SBPS-PC01A-4A-CTDPFA103,2015,2,44.528949,-125.389664,196,2904
RS01SBPS-PC01A-4A-CTDPFA103,2016,3,44.528949,-125.389664,196,2904
RS01SBPS-PC01A-4A-CTDPFA103,2017,4,44.528949,-125.389664,196,2904
RS01SBPS-PC01A-4A-CTDPFA103,2018,5,44.528949,-125.389664,196,2904
RS01SBPS-PC01A-4A-CTDPFA103,2019,6,44.528949,-125.389664,196,2904
RS01SBPS-PC01A-4A-CTDPFA103,2020,7,44.528949,-125.389664,196,2904
RS01SBPS-PC01A-4A-CTDPFA103,2021,8,44.528879,-125.389741,195,2904
RS01SBPS-PC01A-4A-CTDPFA103,2022,9,44.515161,-125.389899,195,2904
RS01SBPS-PC01A-4A-DOSTAD103,2014,1,44.528949,-125.389664,196,2904
RS01SBPS-PC01A-4A-DOSTAD103,2015,2,44.528949,-125.389664,196,2904
RS01SBPS-PC01A-4A-DOSTAD103,2016,3,44.528949,-125.389664,196,2904
RS01SBPS-PC01A-4A-DOSTAD103,2017,4,44.528949,-125.389664,196,2904
RS01SBPS-PC01A-4A-DOSTAD103,2018,5,44.528949,-125.389664,196,2904
RS01SBPS-PC01A-4A-DOSTAD103,2019,6,44.528949,-125.389664,196,2904
RS01SBPS-PC01A-4A-DOSTAD103,2020,7,44.528949,-125.389664,196,2904
RS01SBPS-PC01A-4A-DOSTAD103,2021,8,44.528879,-125.389741,195,2904
RS01SBPS-PC01A-4A-DOSTAD103,2022,9,44.515161,-125.389899,195,2904
RS01SBPS-PC01A-4B-PHSENA102,2014,1,44.528949,-125.389664,196,2904
RS01SBPS-PC01A-4B-PHSENA102,2015,2,44.528949,-125.389664,196,2904
RS01SBPS-PC01A-4B-PHSENA102,2016,3,44.528949,-125.389664,196,2904
RS01SBPS-PC01A-4B-PHSENA102,2017,4,44.528949,-125.389664,196,2904
RS01SBPS-PC01A-4B-PHSENA102,2018,5,44.528949,-125.389664,196,2904
RS01SBPS-PC01A-4B-PHSENA102,2019,6,44.528949,-125.389664,196,2904
RS01SBPS-PC01A-4B-PHSENA102,2020,7,44.528949,-125.389664,196,2904
RS01SBPS-PC01A-4B-PHSENA102,2021,8,44.528879,-125.389741,195,2904
RS01SBPS-PC01A-4B-PHSENA102,2022,9,44.515161,-125.389899,195,2904
RS01SBPS-PC01A-4C-FLORDD103,2014,1,44.528949,-125.389664,196,2904
RS01SBPS-PC01A-4C-FLORDD103,2015,2,44.528949,-125.389664,196,2904
RS01SBPS-PC01A-4C-FLORDD103,2016,3,44.528949,-125.389664,196,2904
RS01SBPS-PC01A-4C-FLORDD103,2017,4,44.528949,-125.389664,196,2904
RS01SBPS-PC01A-4C-FLORDD103,2018,5,44.528949,-125.389664,196,2904
RS01SBPS-PC01A-4C-FLORDD103,2019,6,44.528949,-125.389664,196,2904
RS01SBPS-PC01A-4C-FLORDD103,2020,7,44.528949,-125.389664,196,2904
RS01SBPS-PC01A-4C-FLORDD103,2021,8,44.528879,-125.389741,195,2904
RS01SBPS-PC01A-4C-FLORDD103,2022,9,44.515161,-125.389899,195,2904
RS01SBPS-SF01A-2A-CTDPFA102,2014,1,44.528949,-125.389664,N/A,2904
RS01SBPS-SF01A-2A-CTDPFA102,2015,2,44.528949,-125.389664,N/A,2904
RS01SBPS-SF01A-2A-CTDPFA102,2016,3,44.528949,-125.389664,N/A,2904
RS01SBPS-SF01A-2A-CTDPFA102,2017,4,44.528949,-125.389664,N/A,2904
RS01SBPS-SF01A-2A-CTDPFA102,2018,5,44.528949,-125.389664,N/A,2904
RS01SBPS-SF01A-2A-CTDPFA102,2018,6,44.528949,-125.389664,N/A,2904
RS01SBPS-SF01A-2A-CTDPFA102,2019,7,44.528949,-125.389664,N/A,2904
RS01SBPS-SF01A-2A-CTDPFA102,2020,8,44.528949,-125.389664,N/A,2904
RS01SBPS-SF01A-2A-CTDPFA102,2021,9,44.528879,-125.389741,N/A,2904
RS01SBPS-SF01A-2A-CTDPFA102,2022,10,44.515161,-125.389899,N/A,2904
RS01SBPS-SF01A-2A-DOFSTA102,2014,1,44.528949,-125.389664,N/A,2904
RS01SBPS-SF01A-2A-DOFSTA102,2015,2,44.528949,-125.389664,N/A,2904
RS01SBPS-SF01A-2A-DOFSTA102,2016,3,44.528949,-125.389664,N/A,2904
RS01SBPS-SF01A-2A-DOFSTA102,2017,4,44.528949,-125.389664,N/A,2904
RS01SBPS-SF01A-2A-DOFSTA102,2018,5,44.528949,-125.389664,N/A,2904
RS01SBPS-SF01A-2A-DOFSTA102,2018,6,44.528949,-125.389664,N/A,2904
RS01SBPS-SF01A-2A-DOFSTA102,2019,7,44.528949,-125.389664,N/A,2904
RS01SBPS-SF01A-2A-DOFSTA102,2020,8,44.528949,-125.389664,N/A,2904
RS01SBPS-SF01A-2A-DOFSTA102,2021,9,44.528879,-125.389741,N/A,2904
RS01SBPS-SF01A-2A-DOFSTA102,2022,10,44.515161,-125.389899,N/A,2904
RS01SBPS-SF01A-2D-PHSENA101,2014,1,44.528949,-125.389664,N/A,2904
RS01SBPS-SF01A-2D-PHSENA101,2015,2,44.528949,-125.389664,N/A,2904
RS01SBPS-SF01A-2D-PHSENA101,2016,3,44.528949,-125.389664,N/A,2904
RS01SBPS-SF01A-2D-PHSENA101,2017,4,44.528949,-125.389664,N/A,2904
RS01SBPS-SF01A-2D-PHSENA101,2018,5,44.528949,-125.389664,N/A,2904
RS01SBPS-SF01A-2D-PHSENA101,2018,6,44.528949,-125.389664,N/A,2904
RS01SBPS-SF01A-2D-PHSENA101,2019,7,44.528949,-125.389664,N/A,2904
RS01SBPS-SF01A-2D-PHSENA101,2020,8,44.528949,-125.389664,N/A,2904
RS01SBPS-SF01A-2D-PHSENA101,2021,9,44.528879,-125.389741,N/A,2904
RS01SBPS-SF01A-2D-PHSENA101,2022,10,44.515161,-125.389899,N/A,2904
RS01SBPS-SF01A-3A-FLORTD101,2014,1,44.528949,-125.389664,N/A,2904
RS01SBPS-SF01A-3A-FLORTD101,2015,2,44.528949,-125.389664,N/A,2904
RS01SBPS-SF01A-3A-FLORTD101,2016,3,44.528949,-125.389664,N/A,2904
RS01SBPS-SF01A-3A-FLORTD101,2017,4,44.528949,-125.389664,N/A,2904
RS01SBPS-SF01A-3A-FLORTD101,2018,5,44.528949,-125.389664,N/A,2904
RS01SBPS-SF01A-3A-FLORTD101,2018,6,44.528949,-125.389664,N/A,2904
RS01SBPS-SF01A-3A-FLORTD101,2019,7,44.528949,-125.389664,N/A,2904
RS01SBPS-SF01A-3A-FLORTD101,2020,8,44.528949,-125.389664,N/A,2904
RS01SBPS-SF01A-3A-FLORTD101,2021,9,44.528879,-125.389741,N/A,2904
RS01SBPS-SF01A-3A-FLORTD101,2022,10,44.515161,-125.389899,N/A,2904
RS01SBPS-SF01A-3B-OPTAAD101,2014,1,44.528949,-125.389664,N/A,2904
RS01SBPS-SF01A-3B-OPTAAD101,2015,2,44.528949,-125.389664,N/A,2904
RS01SBPS-SF01A-3B-OPTAAD101,2016,3,44.528949,-125.389664,N/A,2904
RS01SBPS-SF01A-3B-OPTAAD101,2017,4,44.528949,-125.389664,N/A,2904
RS01SBPS-SF01A-3B-OPTAAD101,2018,5,44.528949,-125.389664,N/A,2904
RS01SBPS-SF01A-3B-OPTAAD101,2018,6,44.528949,-125.389664,N/A,2904
RS01SBPS-SF01A-3B-OPTAAD101,2019,7,44.528949,-125.389664,N/A,2904
RS01SBPS-SF01A-3B-OPTAAD101,2020,8,44.528949,-125.389664,N/A,2904
RS01SBPS-SF01A-3B-OPTAAD101,2021,9,44.528879,-125.389741,N/A,2904
RS01SBPS-SF01A-3B-OPTAAD101,2022,10,44.515161,-125.389899,N/A,2904
RS01SBPS-SF01A-3C-PARADA101,2014,1,44.528949,-125.389664,N/A,2904
RS01SBPS-SF01A-3C-PARADA101,2015,2,44.528949,-125.389664,N/A,2904
RS01SBPS-SF01A-3C-PARADA101,2016,3,44.528949,-125.389664,N/A,2904
RS01SBPS-SF01A-3C-PARADA101,2017,4,44.528949,-125.389664,N/A,2904
RS01SBPS-SF01A-3C-PARADA101,2018,5,44.528949,-125.389664,N/A,2904
RS01SBPS-SF01A-3C-PARADA101,2018,6,44.528949,-125.389664,N/A,2904
RS01SBPS-SF01A-3C-PARADA101,2019,7,44.528949,-125.389664,N/A,2904
RS01SBPS-SF01A-3C-PARADA101,2020,8,44.528949,-125.389664,N/A,2904
RS01SBPS-SF01A-3C-PARADA101,2021,9,44.528879,-125.389741,N/A,2904
RS01SBPS-SF01A-3C-PARADA101,2022,10,44.515161,-125.389899,N/A,2904
RS01SBPS-SF01A-3D-SPKIRA101,2014,1,44.528949,-125.389664,N/A,2904
RS01SBPS-SF01A-3D-SPKIRA101,2015,2,44.528949,-125.389664,N/A,2904
RS01SBPS-SF01A-3D-SPKIRA101,2016,3,44.528949,-125.389664,N/A,2904
RS01SBPS-SF01A-3D-SPKIRA101,2017,4,44.528949,-125.389664,N/A,2904
RS01SBPS-SF01A-3D-SPKIRA101,2018,5,44.528949,-125.389664,N/A,2904
RS01SBPS-SF01A-3D-SPKIRA101,2018,6,44.528949,-125.389664,N/A,2904
RS01SBPS-SF01A-3D-SPKIRA101,2019,7,44.528949,-125.389664,N/A,2904
RS01SBPS-SF01A-3D-SPKIRA101,2020,8,44.528949,-125.389664,N/A,2904
RS01SBPS-SF01A-3D-SPKIRA101,2021,9,44.528879,-125.389741,N/A,2904
RS01SBPS-SF01A-3D-SPKIRA101,2022,10,44.515161,-125.389899,N/A,2904
RS01SBPS-SF01A-4A-NUTNRA101,2014,1,44.528949,-125.389664,N/A,2904
RS01SBPS-SF01A-4A-NUTNRA101,2015,2,44.528949,-125.389664,N/A,2904
RS01SBPS-SF01A-4A-NUTNRA101,2016,3,44.528949,-125.389664,N/A,2904
RS01SBPS-SF01A-4A-NUTNRA101,2017,4,44.528949,-125.389664,N/A,2904
RS01SBPS-SF01A-4A-NUTNRA101,2018,5,44.528949,-125.389664,N/A,2904
RS01SBPS-SF01A-4A-NUTNRA101,2018,6,44.528949,-125.389664,N/A,2904
RS01SBPS-SF01A-4A-NUTNRA101,2019,7,44.528949,-125.389664,N/A,2904
RS01SBPS-SF01A-4A-NUTNRA101,2020,8,44.528949,-125.389664,N/A,2904
RS01SBPS-SF01A-4A-NUTNRA101,2021,9,44.528879,-125.389741,N/A,2904
RS01SBPS-SF01A-4A-NUTNRA101,2022,10,44.515161,-125.389899,N/A,2904
RS01SBPS-SF01A-4B-VELPTD102,2014,1,44.528949,-125.389664,N/A,2904
RS01SBPS-SF01A-4B-VELPTD102,2015,2,44.528949,-125.389664,N/A,2904
RS01SBPS-SF01A-4B-VELPTD102,2016,3,44.528949,-125.389664,N/A,2904
RS01SBPS-SF01A-4B-VELPTD102,2017,4,44.528949,-125.389664,N/A,2904
RS01SBPS-SF01A-4B-VELPTD102,2018,5,44.528949,-125.389664,N/A,2904
RS01SBPS-SF01A-4B-VELPTD102,2018,6,44.528949,-125.389664,N/A,2904
RS01SBPS-SF01A-4B-VELPTD102,2019,7,44.528949,-125.389664,N/A,2904
RS01SBPS-SF01A-4B-VELPTD102,2020,8,44.528949,-125.389664,N/A,2904
RS01SBPS-SF01A-4B-VELPTD102,2021,9,44.528879,-125.389741,N/A,2904
RS01SBPS-SF01A-4B-VELPTD102,2022,10,44.515161,-125.389899,N/A,2904
RS01SBPS-SF01A-4F-PCO2WA101,2014,1,44.528949,-125.389664,N/A,2904
RS01SBPS-SF01A-4F-PCO2WA101,2015,2,44.528949,-125.389664,N/A,2904
RS01SBPS-SF01A-4F-PCO2WA101,2016,3,44.528949,-125.389664,N/A,2904
RS01SBPS-SF01A-4F-PCO2WA101,2017,4,44.528949,-125.389664,N/A,2904
RS01SBPS-SF01A-4F-PCO2WA101,2018,5,44.528949,-125.389664,N/A,2904
RS01SBPS-SF01A-4F-PCO2WA101,2018,6,44.528949,-125.389664,N/A,2904
RS01SBPS-SF01A-4F-PCO2WA101,2019,7,44.528949,-125.389664,N/A,2904
RS01SBPS-SF01A-4F-PCO2WA101,2020,8,44.528949,-125.389664,N/A,2904
RS01SBPS-SF01A-4F-PCO2WA101,2021,9,44.528879,-125.389741,N/A,2904
RS01SBPS-SF01A-4F-PCO2WA101,2022,10,44.515161,-125.389899,N/A,2904
RS01SLBS-LJ01A-05-HPIESA101,2014,1,44.522289,-125.380506,2897,2897
RS01SLBS-LJ01A-05-HPIESA101,2015,2,44.522305,-125.380407,2900,2900
RS01SLBS-LJ01A-05-HPIESA101,2016,3,44.522315,-125.380309,2904,2904
RS01SLBS-LJ01A-05-HPIESA101,2017,4,44.522179,-125.380290,2884,2884
RS01SLBS-LJ01A-05-HPIESA101,2019,5,44.522262,-125.380412,2906,2906
RS01SLBS-LJ01A-05-HPIESA101,2021,6,44.522193,-125.380139,2901,2901
RS01SLBS-LJ01A-05-HPIESA101,2022,7,44.515229,-125.389891,2905,2905
RS01SLBS-LJ01A-09-HYDBBA102,2014,1,44.515212,-125.389836,2903,2903
RS01SLBS-LJ01A-09-HYDBBA102,2015,2,44.515179,-125.389881,2902,2902
RS01SLBS-LJ01A-09-HYDBBA102,2016,3,44.515119,-125.389925,2907,2907
RS01SLBS-LJ01A-09-HYDBBA102,2017,4,44.515087,-125.390018,2888,2888
RS01SLBS-LJ01A-09-HYDBBA102,2020,5,44.515055,-125.390015,2908,2908
RS01SLBS-LJ01A-09-HYDBBA102,2022,6,44.515040,-125.389950,2908,2908
RS01SLBS-LJ01A-10-ADCPTE101,2014,1,44.515212,-125.389836,2903,2903
RS01SLBS-LJ01A-10-ADCPTE101,2015,2,44.515179,-125.389881,2902,2902
RS01SLBS-LJ01A-10-ADCPTE101,2016,3,44.515203,-125.389850,2906,2906
RS01SLBS-LJ01A-10-ADCPTE101,2017,4,44.515242,-125.389962,2892,2892
RS01SLBS-LJ01A-10-ADCPTE101,2020,5,44.515244,-125.389956,2907,2907
RS01SLBS-LJ01A-11-OPTAAC103,2014,1,44.515267,-125.389809,2903,2903
RS01SLBS-LJ01A-11-OPTAAC103,2015,2,44.515225,-125.389820,2903,2903
RS01SLBS-LJ01A-11-OPTAAC103,2016,3,44.515266,-125.389817,2907,2907
RS01SLBS-LJ01A-11-OPTAAC103,2017,4,44.515232,-125.389826,2888,2888
RS01SLBS-LJ01A-11-OPTAAC103,2018,5,44.515225,-125.389813,2907,2907
RS01SLBS-LJ01A-11-OPTAAC103,2019,6,44.515281,-125.389893,2907,2907
RS01SLBS-LJ01A-11-OPTAAC103,2020,7,44.515179,-125.390001,2908,2908
RS01SLBS-LJ01A-11-OPTAAC103,2021,8,44.515182,-125.389997,2904,2904
RS01SLBS-LJ01A-11-OPTAAC103,2022,9,44.515229,-125.389891,2905,2905
RS01SLBS-LJ01A-12-CTDPFB101,2014,1,44.515267,-125.389809,2903,2903
RS01SLBS-LJ01A-12-CTDPFB101,2015,2,44.515225,-125.389820,2903,2903
RS01SLBS-LJ01A-12-CTDPFB101,2016,3,44.515266,-125.389817,2907,2907
RS01SLBS-LJ01A-12-CTDPFB101,2017,4,44.515232,-125.389826,2888,2888
RS01SLBS-LJ01A-12-CTDPFB101,2018,5,44.515225,-125.389813,2907,2907
RS01SLBS-LJ01A-12-CTDPFB101,2019,6,44.515281,-125.389893,2907,2907
RS01SLBS-LJ01A-12-CTDPFB101,2020,7,44.515179,-125.390001,2908,2908
RS01SLBS-LJ01A-12-CTDPFB101,2021,8,44.515182,-125.389997,2904,2904
RS01SLBS-LJ01A-12-CTDPFB101,2022,9,44.515229,-125.389891,2905,2905
RS01SLBS-LJ01A-12-DOSTAD101,2014,1,44.515267,-125.389809,2903,2903
RS01SLBS-LJ01A-12-DOSTAD101,2015,2,44.515225,-125.389820,2903,2903
RS01SLBS-LJ01A-12-DOSTAD101,2016,3,44.515266,-125.389817,2907,2907
RS01SLBS-LJ01A-12-DOSTAD101,2017,4,44.515232,-125.389826,2888,2888
RS01SLBS-LJ01A-12-DOSTAD101,2018,5,44.515225,-125.389813,2907,2907
RS01SLBS-LJ01A-12-DOSTAD101,2019,6,44.515281,-125.389893,2907,2907
RS01SLBS-LJ01A-12-DOSTAD101,2020,7,44.515179,-125.390001,2908,2908
RS01SLBS-LJ01A-12-DOSTAD101,2021,8,44.515182,-125.389997,2904,2904
RS01SLBS-LJ01A-12-DOSTAD101,2022,9,44.515229,-125.389891,2905,2905
RS01SLBS-MJ01A-05-HYDLFA101,2013,1,44.509780,-125.405231,2907,2907
RS01SLBS-MJ01A-05-OBSBBA102,2013,1,44.509791,-125.405258,2908,2908
RS01SLBS-MJ01A-06-PRESTA101,2014,1,44.509699,-125.405259,2907,2907
RS01SLBS-MJ01A-06-PRESTA101,2018,2,44.509727,-125.405252,2909,2909
RS01SLBS-MJ01A-12-VEL3DB101,2014,1,44.509687,-125.405265,2907,2907
RS01SLBS-MJ01A-12-VEL3DB101,2016,2,44.509709,-125.405250,2909,2909
RS01SUM1-LJ01B-05-HYDLFA104,2014,1,44.569160,-125.147912,774,774
RS01SUM1-LJ01B-05-OBSBBA101,2014,1,44.569157,-125.147900,775,775
RS01SUM1-LJ01B-06-OBSSPA103,2014,1,44.567395,-125.144178,789,789
RS01SUM1-LJ01B-06-OBSSPA103,2019,2,44.567403,-125.144202,790,790
RS01SUM1-LJ01B-06-OBSSPA103,2022,3,44.567411,-125.144196,790,790
RS01SUM1-LJ01B-07-OBSSPA102,2014,1,44.573195,-125.143917,788,788
RS01SUM1-LJ01B-08-OBSSPA101,2014,1,44.573029,-125.152499,818,818
RS01SUM1-LJ01B-09-PRESTB102,2014,1,44.569259,-125.148048,775,775
RS01SUM1-LJ01B-09-PRESTB102,2016,2,44.569218,-125.148115,773,773
RS01SUM1-LJ01B-09-PRESTB102,2017,3,44.569240,-125.148060,773,773
RS01SUM1-LJ01B-12-VEL3DB104,2014,1,44.569139,-125.148043,775,775
RS01SUM1-LJ01B-12-VEL3DB104,2016,2,44.569146,-125.148089,779,779
RS01SUM1-LJ01B-12-VEL3DB104,2017,3,44.569205,-125.148019,774,774
RS01SUM1-LJ01B-12-VEL3DB104,2018,4,44.569246,-125.148026,777,777
RS01SUM1-LJ01B-12-VEL3DB104,2019,5,44.569097,-125.148104,778,778
RS01SUM2-MJ01B-00-FLOBNC101,2013,1,44.569965,-125.146643,787,787
RS01SUM2-MJ01B-00-FLOBNC101,2014,2,44.569947,-125.146790,773,773
RS01SUM2-MJ01B-00-FLOBNC101,2015,3,44.569998,-125.146806,775,775
RS01SUM2-MJ01B-00-FLOBNC101,2016,4,44.569970,-125.146785,776,776
RS01SUM2-MJ01B-00-FLOBNC101,2017,5,44.569986,-125.146781,771,771
RS01SUM2-MJ01B-00-FLOBNC101,2018,6,44.569915,-125.146741,776,776
RS01SUM2-MJ01B-00-FLOBNC101,2019,7,44.569947,-125.146801,775,775
RS01SUM2-MJ01B-00-FLOBNC101,2020,8,44.569926,-125.146794,775,775
RS01SUM2-MJ01B-00-FLOBNC101,2021,9,44.569929,-125.146747,774,774
RS01SUM2-MJ01B-00-FLOBNC101,2022,10,44.569838,-125.146653,775,775
RS01SUM2-MJ01B-00-FLOBNM101,2013,1,44.569920,-125.146640,775,775
RS01SUM2-MJ01B-00-FLOBNM101,2014,2,44.569941,-125.146788,774,774
RS01SUM2-MJ01B-00-FLOBNM101,2015,3,44.570003,-125.146805,774,774
RS01SUM2-MJ01B-00-FLOBNM101,2016,4,44.569940,-125.146765,773,773
RS01SUM2-MJ01B-00-FLOBNM101,2017,5,44.569985,-125.146770,771,771
RS01SUM2-MJ01B-00-FLOBNM101,2018,6,44.569936,-125.146753,776,776
RS01SUM2-MJ01B-00-FLOBNM101,2019,7,44.569940,-125.146794,775,775
RS01SUM2-MJ01B-00-FLOBNM101,2020,8,44.569935,-125.146750,776,776
RS01SUM2-MJ01B-00-FLOBNM101,2021,9,44.569941,-125.146718,774,774
RS01SUM2-MJ01B-00-FLOBNM101,2022,10,44.569847,-125.146626,775,775
RS01SUM2-MJ01B-00-OSMOIA101,2014,1,44.569979,-125.146802,774,774
RS01SUM2-MJ01B-00-OSMOIA101,2015,2,44.570069,-125.146795,774,774
RS01SUM2-MJ01B-00-OSMOIA101,2016,3,44.569989,-125.146767,774,774
RS01SUM2-MJ01B-00-OSMOIA101,2017,4,44.569978,-125.146782,772,772
RS01SUM2-MJ01B-00-OSMOIA101,2018,5,44.569925,-125.146753,776,776
RS01SUM2-MJ01B-00-OSMOIA101,2019,6,44.569929,-125.146794,775,775
RS01SUM2-MJ01B-00-OSMOIA101,2020,7,44.569945,-125.146783,774,774
RS01SUM2-MJ01B-00-OSMOIA101,2021,8,44.569947,-125.146757,774,774
RS01SUM2-MJ01B-00-OSMOIA101,2022,9,44.569903,-125.146702,774,774
RS01SUM2-MJ01B-05-CAMDSB103,2014,1,44.569991,-125.146714,774,774
RS01SUM2-MJ01B-05-CAMDSB103,2016,2,44.569999,-125.146709,775,775
RS01SUM2-MJ01B-05-CAMDSB103,2017,3,44.570006,-125.146715,772,772
RS01SUM2-MJ01B-05-CAMDSB103,2018,4,44.570054,-125.146699,776,776
RS01SUM2-MJ01B-05-CAMDSB103,2019,5,44.570045,-125.146697,776,776
RS01SUM2-MJ01B-05-CAMDSB103,2020,6,44.570033,-125.146708,776,776
RS01SUM2-MJ01B-05-CAMDSB103,2021,7,44.569998,-125.146713,775,775
RS01SUM2-MJ01B-05-CAMDSB103,2022,8,44.569998,-125.146713,775,775
RS01SUM2-MJ01B-06-MASSPA101,2014,1,44.569986,-125.146793,774,774
RS01SUM2-MJ01B-06-MASSPA101,2016,2,44.569947,-125.146788,776,776
RS01SUM2-MJ01B-06-MASSPA101,2017,3,44.569934,-125.146636,770,770
RS01SUM2-MJ01B-06-MASSPA101,2018,4,44.569939,-125.146636,775,775
RS01SUM2-MJ01B-08-OVRSRA101,2018,1,44.570004,-125.147280,773,773
RS01SUM2-MJ01B-08-OVRSRA101,2019,2,44.570004,-125.147280,773,773
RS01SUM2-MJ01B-08-OVRSRA101,2021,3,44.569987,-125.147269,774,774
RS01SUM2-MJ01B-09-CAMPIA101,2019,1,44.569912,-125.147096,773,773
RS01SUM2-MJ01B-09-CAMPIA101,2021,2,44.569828,-125.147016,772,772
RS01SUM2-MJ01B-10-QNTSRA101,2018,1,44.569964,-125.146782,776,776
RS01SUM2-MJ01B-10-QNTSRA101,2020,2,44.570001,-125.146740,777,777
RS01SUM2-MJ01B-11-CTDPFA110,2018,1,44.569816,-125.146707,774,774
RS01SUM2-MJ01B-11-CTDPFA110,2020,2,44.569811,-125.146732,773,773
RS01SUM2-MJ01B-11-CTDPFA110,2021,3,44.569793,-125.146707,772,772
RS01SUM2-MJ01B-11-CTDPFA110,2022,4,44.569826,-125.146690,775,775
RS01SUM2-MJ01B-12-ADCPSK101,2014,1,44.569833,-125.146823,772,772
RS01SUM2-MJ01B-12-ADCPSK101,2018,2,44.569849,-125.146783,775,775
RS03ASHS-MJ03B-00-OSMOIA301,2014,1,45.933586,-130.013626,1540,1540
RS03ASHS-MJ03B-00-OSMOIA301,2014,2,45.933620,-130.013683,1540,1540
RS03ASHS-MJ03B-00-OSMOIA301,2015,3,45.933704,-130.013655,1543,1543
RS03ASHS-MJ03B-00-OSMOIA301,2016,4,45.933653,-130.013688,1540,1540
RS03ASHS-MJ03B-00-OSMOIA301,2017,5,45.933650,-130.013690,1541,1541
RS03ASHS-MJ03B-00-OSMOIA301,2018,6,45.933651,-130.013689,1545,1545
RS03ASHS-MJ03B-00-OSMOIA301,2019,7,45.933656,-130.013687,1546,1546
RS03ASHS-MJ03B-00-OSMOIA301,2020,8,45.933656,-130.013687,1546,1546
RS03ASHS-MJ03B-00-OSMOIA301,2021,9,45.933505,-130.013613,1543,1543
RS03ASHS-MJ03B-00-OSMOIA301,2022,10,45.933494,-130.013608,1541,1541
RS03ASHS-MJ03B-05-OBSSPA302,2013,1,45.933782,-130.014094,1545,1545
RS03ASHS-MJ03B-06-OBSSPA301,2013,1,45.933555,-129.999235,1534,1534
RS03ASHS-MJ03B-07-TMPSFA301,2014,1,45.933653,-130.013688,1540,1540
RS03ASHS-MJ03B-07-TMPSFA301,2017,2,45.933650,-130.013690,1541,1541
RS03ASHS-MJ03B-07-TMPSFA301,2021,3,45.933732,-130.013689,1543,1543
RS03ASHS-MJ03B-09-BOTPTA304,2017,3,45.933638,-130.013897,1541,1541
RS03ASHS-MJ03B-10-CTDPFB304,2017,1,45.933678,-130.013880,1540,1540
RS03ASHS-MJ03B-10-CTDPFB304,2018,2,45.933782,-130.013855,1544,1544
RS03ASHS-MJ03B-10-CTDPFB304,2019,3,45.933768,-130.013843,1546,1546
RS03ASHS-MJ03B-10-CTDPFB304,2020,4,45.933762,-130.013878,1545,1545
RS03ASHS-MJ03B-10-CTDPFB304,2021,5,45.933767,-130.013788,1542,1542
RS03ASHS-MJ03B-10-CTDPFB304,2022,6,45.933755,-130.013879,1540,1540
RS03ASHS-MJ03B-12-COVISA301,2018,1,45.933597,-130.013555,1541,1541
RS03ASHS-MJ03B-12-COVISA301,2019,2,45.933599,-130.013557,1547,1547
RS03ASHS-PN03B-06-CAMHDA301,2013,1,45.933605,-130.013628,1540,1540
RS03ASHS-PN03B-06-CAMHDA301,2015,2,45.933643,-130.013642,1542,1542
RS03ASHS-PN03B-06-CAMHDA301,2016,3,45.933643,-130.013642,1543,1543
RS03ASHS-PN03B-06-CAMHDA301,2017,4,45.933643,-130.013642,1539,1539
RS03ASHS-PN03B-06-CAMHDA301,2018,5,45.933643,-130.013636,1544,1544
RS03ASHS-PN03B-06-CAMHDA301,2019,6,45.933643,-130.013636,1544,1544
RS03ASHS-PN03B-06-CAMHDA301,2020,7,45.933643,-130.013636,1545,1545
RS03ASHS-PN03B-06-CAMHDA301,2021,8,45.933643,-130.013636,1543,1543
RS03AXBS-LJ03A-05-HPIESA301,2014,1,45.823954,-129.759796,2609,2609
RS03AXBS-LJ03A-05-HPIESA301,2015,2,45.824047,-129.759953,2609,2609
RS03AXBS-LJ03A-05-HPIESA301,2016,3,45.824215,-129.759948,2614,2614
RS03AXBS-LJ03A-05-HPIESA301,2018,4,45.824102,-129.759786,2600,2600
RS03AXBS-LJ03A-05-HPIESA301,2019,5,45.823946,-129.759633,2615,2615
RS03AXBS-LJ03A-05-HPIESA301,2020,6,45.824148,-129.759617,2616,2616
RS03AXBS-LJ03A-05-HPIESA301,2022,7,45.824158,-129.759554,2611,2611
RS03AXBS-LJ03A-09-HYDBBA302,2014,1,45.816802,-129.754157,2609,2609
RS03AXBS-LJ03A-09-HYDBBA302,2015,2,45.816869,-129.754362,2610,2610
RS03AXBS-LJ03A-09-HYDBBA302,2016,3,45.816684,-129.754354,2610,2610
RS03AXBS-LJ03A-09-HYDBBA302,2017,4,45.816690,-129.754239,2598,2598
RS03AXBS-LJ03A-09-HYDBBA302,2022,5,45.816759,-129.754260,2608,2608
RS03AXBS-LJ03A-10-ADCPTE303,2014,1,45.816802,-129.754157,2609,2609
RS03AXBS-LJ03A-10-ADCPTE303,2015,2,45.816869,-129.754362,2610,2610
RS03AXBS-LJ03A-10-ADCPTE303,2016,3,45.816778,-129.754181,2610,2610
RS03AXBS-LJ03A-10-ADCPTE303,2017,4,45.816789,-129.754127,2599,2599
RS03AXBS-LJ03A-10-ADCPTE303,2022,5,45.816784,-129.754098,2608,2608
RS03AXBS-LJ03A-11-OPTAAC303,2014,1,45.816847,-129.754157,2606,2606
RS03AXBS-LJ03A-11-OPTAAC303,2015,2,45.816879,-129.754248,2606,2606
RS03AXBS-LJ03A-11-OPTAAC303,2016,3,45.816840,-129.754187,2610,2610
RS03AXBS-LJ03A-11-OPTAAC303,2017,4,45.816800,-129.753998,2598,2598
RS03AXBS-LJ03A-11-OPTAAC303,2018,5,45.816816,-129.754030,2599,2599
RS03AXBS-LJ03A-11-OPTAAC303,2019,6,45.816815,-129.754058,2611,2611
RS03AXBS-LJ03A-11-OPTAAC303,2020,7,45.816813,-129.754041,2612,2612
RS03AXBS-LJ03A-11-OPTAAC303,2021,8,45.816809,-129.754041,2609,2609
RS03AXBS-LJ03A-11-OPTAAC303,2022,9,45.816784,-129.754098,2608,2608
RS03AXBS-LJ03A-12-CTDPFB301,2014,1,45.816847,-129.754157,2606,2606
RS03AXBS-LJ03A-12-CTDPFB301,2015,2,45.816879,-129.754248,2606,2606
RS03AXBS-LJ03A-12-CTDPFB301,2016,3,45.816840,-129.754187,2610,2610
RS03AXBS-LJ03A-12-CTDPFB301,2017,4,45.816800,-129.753998,2598,2598
RS03AXBS-LJ03A-12-CTDPFB301,2018,5,45.816816,-129.754030,2599,2599
RS03AXBS-LJ03A-12-CTDPFB301,2019,6,45.816815,-129.754058,2611,2611
RS03AXBS-LJ03A-12-CTDPFB301,2020,7,45.816813,-129.754041,2612,2612
RS03AXBS-LJ03A-12-CTDPFB301,2021,8,45.816809,-129.754041,2609,2609
RS03AXBS-LJ03A-12-CTDPFB301,2022,9,45.816803,-129.754028,2608,2608
RS03AXBS-LJ03A-12-DOSTAD301,2014,1,45.816847,-129.754157,2606,2606
RS03AXBS-LJ03A-12-DOSTAD301,2015,2,45.816879,-129.754248,2606,2606
RS03AXBS-LJ03A-12-DOSTAD301,2016,3,45.816840,-129.754187,2610,2610
RS03AXBS-LJ03A-12-DOSTAD301,2017,4,45.816800,-129.753998,2598,2598
RS03AXBS-LJ03A-12-DOSTAD301,2018,5,45.816816,-129.754030,2599,2599
RS03AXBS-LJ03A-12-DOSTAD301,2019,6,45.816815,-129.754058,2611,2611
RS03AXBS-LJ03A-12-DOSTAD301,2020,7,45.816813,-129.754041,2612,2612
RS03AXBS-LJ03A-12-DOSTAD301,2021,8,45.816809,-129.754041,2609,2609
RS03AXBS-LJ03A-12-DOSTAD301,2022,9,45.816803,-129.754028,2608,2608
RS03AXBS-MJ03A-05-HYDLFA301,2014,1,45.820189,-129.736708,2608,2608
RS03AXBS-MJ03A-05-OBSBBA303,2014,1,45.820176,-129.736709,2607,2607
RS03AXBS-MJ03A-06-PRESTA301,2014,1,45.820214,-129.736407,2606,2606
RS03AXBS-MJ03A-06-PRESTA301,2016,2,45.820232,-129.736425,2611,2611
RS03AXBS-MJ03A-06-PRESTA301,2020,3,45.820222,-129.736393,2612,2612
RS03AXBS-MJ03A-06-PRESTA301,2022,4,45.820222,-129.736393,2612,2612
RS03AXBS-MJ03A-12-VEL3DB301,2014,1,45.820196,-129.736405,2608,2608
RS03AXBS-MJ03A-12-VEL3DB301,2016,2,45.820114,-129.736556,2611,2611
RS03AXBS-MJ03A-12-VEL3DB301,2019,3,45.820254,-129.736330,2614,2614
RS03AXPD-DP03A-00-ENG000000,2014,1,45.829731,-129.759059,N/A,2608
RS03AXPD-DP03A-00-ENG000000,2015,2,45.829681,-129.759008,N/A,2602
RS03AXPD-DP03A-00-ENG000000,2017,3,45.829631,-129.759328,N/A,2611
RS03AXPD-DP03A-00-ENG000000,2018,4,45.829631,-129.759328,N/A,2611
RS03AXPD-DP03A-00-ENG000000,2019,5,45.829631,-129.759328,N/A,2611
RS03AXPD-DP03A-00-ENG000000,2020,6,45.829631,-129.759328,N/A,2611
RS03AXPD-DP03A-00-ENG000000,2021,7,45.829653,-129.759309,N/A,2611
RS03AXPD-DP03A-00-ENG000000,2022,8,45.816784,-129.754098,N/A,2608
RS03AXPD-DP03A-01-CTDPFL304,2014,1,45.829731,-129.759059,N/A,2608
RS03AXPD-DP03A-01-CTDPFL304,2015,2,45.829681,-129.759008,N/A,2602
RS03AXPD-DP03A-01-CTDPFL304,2017,3,45.829631,-129.759328,N/A,2611
RS03AXPD-DP03A-01-CTDPFL304,2018,4,45.829631,-129.759328,N/A,2611
RS03AXPD-DP03A-01-CTDPFL304,2019,5,45.829631,-129.759328,N/A,2611
RS03AXPD-DP03A-01-CTDPFL304,2020,6,45.829631,-129.759328,N/A,2611
RS03AXPD-DP03A-01-CTDPFL304,2021,7,45.829653,-129.759309,N/A,2611
RS03AXPD-DP03A-01-CTDPFL304,2022,8,45.829651,-129.759299,N/A,2612 
RS03AXPD-DP03A-02-VEL3DA303,2014,1,45.829731,-129.759059,N/A,2608
RS03AXPD-DP03A-02-VEL3DA303,2015,2,45.829681,-129.759008,N/A,2602
RS03AXPD-DP03A-02-VEL3DA303,2017,3,45.829631,-129.759328,N/A,2611
RS03AXPD-DP03A-02-VEL3DA303,2018,4,45.829631,-129.759328,N/A,2611
RS03AXPD-DP03A-02-VEL3DA303,2019,5,45.829631,-129.759328,N/A,2611
RS03AXPD-DP03A-02-VEL3DA303,2020,6,45.829631,-129.759328,N/A,2611
RS03AXPD-DP03A-02-VEL3DA303,2021,7,45.829653,-129.759309,N/A,2611
RS03AXPD-DP03A-02-VEL3DA303,2022,8,45.829651,-129.759299,N/A,2612 
RS03AXPD-DP03A-03-FLCDRA302,2014,1,45.829731,-129.759059,N/A,2608
RS03AXPD-DP03A-03-FLCDRA302,2015,2,45.829681,-129.759008,N/A,2602
RS03AXPD-DP03A-03-FLCDRA302,2017,3,45.829631,-129.759328,N/A,2611
RS03AXPD-DP03A-03-FLCDRA302,2018,4,45.829631,-129.759328,N/A,2611
RS03AXPD-DP03A-03-FLCDRA302,2019,5,45.829631,-129.759328,N/A,2611
RS03AXPD-DP03A-03-FLCDRA302,2020,6,45.829631,-129.759328,N/A,2611
RS03AXPD-DP03A-03-FLCDRA302,2021,7,45.829653,-129.759309,N/A,2611
RS03AXPD-DP03A-03-FLCDRA302,2022,8,45.829651,-129.759299,N/A,2612 
RS03AXPD-DP03A-03-FLNTUA302,2014,1,45.829731,-129.759059,N/A,2608
RS03AXPD-DP03A-03-FLNTUA302,2015,2,45.829681,-129.759008,N/A,2602
RS03AXPD-DP03A-03-FLNTUA302,2017,3,45.829631,-129.759328,N/A,2611
RS03AXPD-DP03A-03-FLNTUA302,2018,4,45.829631,-129.759328,N/A,2611
RS03AXPD-DP03A-03-FLNTUA302,2019,5,45.829631,-129.759328,N/A,2611
RS03AXPD-DP03A-03-FLNTUA302,2020,6,45.829631,-129.759328,N/A,2611
RS03AXPD-DP03A-03-FLNTUA302,2021,7,45.829653,-129.759309,N/A,2611
RS03AXPD-DP03A-03-FLNTUA302,2022,8,45.829651,-129.759299,N/A,2612 
RS03AXPD-DP03A-06-DOSTAD304,2014,1,45.829731,-129.759059,N/A,2608
RS03AXPD-DP03A-06-DOSTAD304,2015,2,45.829681,-129.759008,N/A,2602
RS03AXPD-DP03A-06-DOSTAD304,2017,3,45.829631,-129.759328,N/A,2611
RS03AXPD-DP03A-06-DOSTAD304,2018,4,45.829631,-129.759328,N/A,2611
RS03AXPD-DP03A-06-DOSTAD304,2019,5,45.829631,-129.759328,N/A,2611
RS03AXPD-DP03A-06-DOSTAD304,2020,6,45.829631,-129.759328,N/A,2611
RS03AXPD-DP03A-06-DOSTAD304,2021,7,45.829653,-129.759309,N/A,2611
RS03AXPD-DP03A-06-DOSTAD304,2022,8,45.829651,-129.759299,N/A,2612
RS03AXPS-PC03A-05-ADCPTD302,2014,1,45.830481,-129.753284,187,2611
RS03AXPS-PC03A-05-ADCPTD302,2015,2,45.830481,-129.753284,187,2611
RS03AXPS-PC03A-05-ADCPTD302,2016,3,45.830481,-129.753284,187,2611
RS03AXPS-PC03A-05-ADCPTD302,2017,4,45.830481,-129.753284,187,2611
RS03AXPS-PC03A-05-ADCPTD302,2019,5,45.830461,-129.753287,191,2611
RS03AXPS-PC03A-05-ADCPTD302,2020,6,45.830461,-129.753287,191,2611
RS03AXPS-PC03A-05-ADCPTD302,2021,7,45.830461,-129.753287,191,2611
RS03AXPS-PC03A-05-ADCPTD302,2022,8,45.816712,-129.754055,190,2611
RS03AXPS-PC03A-06-VADCPA301,2014,1,45.830481,-129.753284,187,2611
RS03AXPS-PC03A-06-VADCPA301,2015,2,45.830481,-129.753284,187,2611
RS03AXPS-PC03A-06-VADCPA301,2016,3,45.830481,-129.753284,187,2611
RS03AXPS-PC03A-06-VADCPA301,2017,4,45.830481,-129.753284,187,2611
RS03AXPS-PC03A-06-VADCPA301,2019,5,45.830461,-129.753287,191,2611
RS03AXPS-PC03A-06-VADCPA301,2020,6,45.830461,-129.753287,191,2611
RS03AXPS-PC03A-06-VADCPA301,2021,7,45.830461,-129.753287,191,2611
RS03AXPS-PC03A-06-VADCPA301,2022,8,45.816712,-129.754055,190,2611 
RS03AXPS-PC03A-07-CAMDSC302,2014,1,45.830481,-129.753284,187,2611
RS03AXPS-PC03A-07-CAMDSC302,2015,2,45.830481,-129.753284,187,2611
RS03AXPS-PC03A-07-CAMDSC302,2016,3,45.830481,-129.753284,187,2611
RS03AXPS-PC03A-07-CAMDSC302,2017,4,45.830481,-129.753284,187,2611
RS03AXPS-PC03A-07-CAMDSC302,2019,5,45.830461,-129.753287,191,2611
RS03AXPS-PC03A-07-CAMDSC302,2020,6,45.830461,-129.753287,191,2611
RS03AXPS-PC03A-07-CAMDSC302,2021,7,45.830461,-129.753287,191,2611
RS03AXPS-PC03A-07-CAMDSC302,2022,8,45.816712,-129.754055,190,2611 
RS03AXPS-PC03A-08-HYDBBA303,2014,1,45.830481,-129.753284,187,2611
RS03AXPS-PC03A-08-HYDBBA303,2015,2,45.830481,-129.753284,187,2611
RS03AXPS-PC03A-08-HYDBBA303,2016,3,45.830481,-129.753284,187,2611
RS03AXPS-PC03A-08-HYDBBA303,2017,4,45.830481,-129.753284,187,2611
RS03AXPS-PC03A-08-HYDBBA303,2019,5,45.830461,-129.753287,191,2611
RS03AXPS-PC03A-08-HYDBBA303,2020,6,45.830461,-129.753287,191,2611
RS03AXPS-PC03A-08-HYDBBA303,2021,7,45.830461,-129.753287,191,2611
RS03AXPS-PC03A-08-HYDBBA303,2022,8,45.816712,-129.754055,190,2611 
RS03AXPS-PC03A-4A-CTDPFA303,2014,1,45.830481,-129.753284,187,2611
RS03AXPS-PC03A-4A-CTDPFA303,2015,2,45.830481,-129.753284,187,2611
RS03AXPS-PC03A-4A-CTDPFA303,2016,3,45.830481,-129.753284,187,2611
RS03AXPS-PC03A-4A-CTDPFA303,2017,4,45.830481,-129.753284,187,2611
RS03AXPS-PC03A-4A-CTDPFA303,2019,5,45.830461,-129.753287,191,2611
RS03AXPS-PC03A-4A-CTDPFA303,2020,6,45.830461,-129.753287,191,2611
RS03AXPS-PC03A-4A-CTDPFA303,2021,7,45.830461,-129.753287,191,2611
RS03AXPS-PC03A-4A-CTDPFA303,2022,8,45.816712,-129.754055,190,2611 
RS03AXPS-PC03A-4A-DOSTAD303,2014,1,45.830481,-129.753284,187,2611
RS03AXPS-PC03A-4A-DOSTAD303,2015,2,45.830481,-129.753284,187,2611
RS03AXPS-PC03A-4A-DOSTAD303,2016,3,45.830481,-129.753284,187,2611
RS03AXPS-PC03A-4A-DOSTAD303,2017,4,45.830481,-129.753284,187,2611
RS03AXPS-PC03A-4A-DOSTAD303,2019,5,45.830461,-129.753287,191,2611
RS03AXPS-PC03A-4A-DOSTAD303,2020,6,45.830461,-129.753287,191,2611
RS03AXPS-PC03A-4A-DOSTAD303,2021,7,45.830461,-129.753287,191,2611
RS03AXPS-PC03A-4A-DOSTAD303,2022,8,45.816712,-129.754055,190,2611 
RS03AXPS-PC03A-4B-PHSENA302,2014,1,45.830481,-129.753284,187,2611
RS03AXPS-PC03A-4B-PHSENA302,2015,2,45.830481,-129.753284,187,2611
RS03AXPS-PC03A-4B-PHSENA302,2016,3,45.830481,-129.753284,187,2611
RS03AXPS-PC03A-4B-PHSENA302,2017,4,45.830481,-129.753284,187,2611
RS03AXPS-PC03A-4B-PHSENA302,2019,5,45.830461,-129.753287,191,2611
RS03AXPS-PC03A-4B-PHSENA302,2020,6,45.830461,-129.753287,191,2611
RS03AXPS-PC03A-4B-PHSENA302,2021,7,45.830461,-129.753287,191,2611
RS03AXPS-PC03A-4B-PHSENA302,2022,8,45.816712,-129.754055,190,2611 
RS03AXPS-PC03A-4C-FLORDD303,2014,1,45.830481,-129.753284,187,2611
RS03AXPS-PC03A-4C-FLORDD303,2015,2,45.830481,-129.753284,187,2611
RS03AXPS-PC03A-4C-FLORDD303,2016,3,45.830481,-129.753284,187,2611
RS03AXPS-PC03A-4C-FLORDD303,2017,4,45.830481,-129.753284,187,2611
RS03AXPS-PC03A-4C-FLORDD303,2019,5,45.830461,-129.753287,191,2611
RS03AXPS-PC03A-4C-FLORDD303,2020,6,45.830461,-129.753287,191,2611
RS03AXPS-PC03A-4C-FLORDD303,2021,7,45.830461,-129.753287,191,2611
RS03AXPS-PC03A-4C-FLORDD303,2022,8,45.816712,-129.754055,190,2611 
RS03AXPS-SF03A-2A-CTDPFA302,2014,1,45.830481,-129.753284,N/A,2611
RS03AXPS-SF03A-2A-CTDPFA302,2015,2,45.830481,-129.753284,N/A,2611
RS03AXPS-SF03A-2A-CTDPFA302,2016,3,45.830481,-129.753284,N/A,2611
RS03AXPS-SF03A-2A-CTDPFA302,2017,4,45.830481,-129.753284,N/A,2611
RS03AXPS-SF03A-2A-CTDPFA302,2019,5,45.830461,-129.753287,N/A,2611
RS03AXPS-SF03A-2A-CTDPFA302,2020,6,45.830461,-129.753287,N/A,2611
RS03AXPS-SF03A-2A-CTDPFA302,2021,7,45.830461,-129.753287,N/A,2611
RS03AXPS-SF03A-2A-CTDPFA302,2022,8,45.816712,-129.754055,N/A,2611 
RS03AXPS-SF03A-2A-DOFSTA302,2014,1,45.830481,-129.753284,N/A,2611
RS03AXPS-SF03A-2A-DOFSTA302,2015,2,45.830481,-129.753284,N/A,2611
RS03AXPS-SF03A-2A-DOFSTA302,2016,3,45.830481,-129.753284,N/A,2611
RS03AXPS-SF03A-2A-DOFSTA302,2017,4,45.830481,-129.753284,N/A,2611
RS03AXPS-SF03A-2A-DOFSTA302,2019,5,45.830461,-129.753287,N/A,2611
RS03AXPS-SF03A-2A-DOFSTA302,2020,6,45.830461,-129.753287,N/A,2611
RS03AXPS-SF03A-2A-DOFSTA302,2021,7,45.830461,-129.753287,N/A,2611
RS03AXPS-SF03A-2A-DOFSTA302,2022,8,45.816712,-129.754055,N/A,2611
RS03AXPS-SF03A-2D-PHSENA301,2014,1,45.830481,-129.753284,N/A,2611
RS03AXPS-SF03A-2D-PHSENA301,2015,2,45.830481,-129.753284,N/A,2611
RS03AXPS-SF03A-2D-PHSENA301,2016,3,45.830481,-129.753284,N/A,2611
RS03AXPS-SF03A-2D-PHSENA301,2017,4,45.830481,-129.753284,N/A,2611
RS03AXPS-SF03A-2D-PHSENA301,2019,5,45.830461,-129.753287,N/A,2611
RS03AXPS-SF03A-2D-PHSENA301,2020,6,45.830461,-129.753287,N/A,2611
RS03AXPS-SF03A-2D-PHSENA301,2021,7,45.830461,-129.753287,N/A,2611
RS03AXPS-SF03A-2D-PHSENA301,2022,8,45.816712,-129.754055,N/A,2611
RS03AXPS-SF03A-3A-FLORTD301,2014,1,45.830481,-129.753284,N/A,2611
RS03AXPS-SF03A-3A-FLORTD301,2015,2,45.830481,-129.753284,N/A,2611
RS03AXPS-SF03A-3A-FLORTD301,2016,3,45.830481,-129.753284,N/A,2611
RS03AXPS-SF03A-3A-FLORTD301,2017,4,45.830481,-129.753284,N/A,2611
RS03AXPS-SF03A-3A-FLORTD301,2019,5,45.830461,-129.753287,N/A,2611
RS03AXPS-SF03A-3A-FLORTD301,2020,6,45.830461,-129.753287,N/A,2611
RS03AXPS-SF03A-3A-FLORTD301,2021,7,45.830461,-129.753287,N/A,2611
RS03AXPS-SF03A-3A-FLORTD301,2022,8,45.816712,-129.754055,N/A,2611
RS03AXPS-SF03A-3B-OPTAAD301,2014,1,45.830481,-129.753284,N/A,2611
RS03AXPS-SF03A-3B-OPTAAD301,2015,2,45.830481,-129.753284,N/A,2611
RS03AXPS-SF03A-3B-OPTAAD301,2016,3,45.830481,-129.753284,N/A,2611
RS03AXPS-SF03A-3B-OPTAAD301,2017,4,45.830481,-129.753284,N/A,2611
RS03AXPS-SF03A-3B-OPTAAD301,2019,5,45.830461,-129.753287,N/A,2611
RS03AXPS-SF03A-3B-OPTAAD301,2020,6,45.830461,-129.753287,N/A,2611
RS03AXPS-SF03A-3B-OPTAAD301,2021,7,45.830461,-129.753287,N/A,2611
RS03AXPS-SF03A-3B-OPTAAD301,2022,8,45.816712,-129.754055,N/A,2611
RS03AXPS-SF03A-3C-PARADA301,2014,1,45.830481,-129.753284,N/A,2611
RS03AXPS-SF03A-3C-PARADA301,2015,2,45.830481,-129.753284,N/A,2611
RS03AXPS-SF03A-3C-PARADA301,2016,3,45.830481,-129.753284,N/A,2611
RS03AXPS-SF03A-3C-PARADA301,2017,4,45.830481,-129.753284,N/A,2611
RS03AXPS-SF03A-3C-PARADA301,2019,5,45.830461,-129.753287,N/A,2611
RS03AXPS-SF03A-3C-PARADA301,2020,6,45.830461,-129.753287,N/A,2611
RS03AXPS-SF03A-3C-PARADA301,2021,7,45.830461,-129.753287,N/A,2611
RS03AXPS-SF03A-3C-PARADA301,2022,8,45.816712,-129.754055,N/A,2611
RS03AXPS-SF03A-3D-SPKIRA301,2014,1,45.830481,-129.753284,N/A,2611
RS03AXPS-SF03A-3D-SPKIRA301,2015,2,45.830481,-129.753284,N/A,2611
RS03AXPS-SF03A-3D-SPKIRA301,2016,3,45.830481,-129.753284,N/A,2611
RS03AXPS-SF03A-3D-SPKIRA301,2017,4,45.830481,-129.753284,N/A,2611
RS03AXPS-SF03A-3D-SPKIRA301,2019,5,45.830461,-129.753287,N/A,2611
RS03AXPS-SF03A-3D-SPKIRA301,2020,6,45.830461,-129.753287,N/A,2611
RS03AXPS-SF03A-3D-SPKIRA301,2021,7,45.830461,-129.753287,N/A,2611
RS03AXPS-SF03A-3D-SPKIRA301,2022,8,45.816712,-129.754055,N/A,2611
RS03AXPS-SF03A-4A-NUTNRA301,2014,1,45.830481,-129.753284,N/A,2611
RS03AXPS-SF03A-4A-NUTNRA301,2015,2,45.830481,-129.753284,N/A,2611
RS03AXPS-SF03A-4A-NUTNRA301,2016,3,45.830481,-129.753284,N/A,2611
RS03AXPS-SF03A-4A-NUTNRA301,2017,4,45.830481,-129.753284,N/A,2611
RS03AXPS-SF03A-4A-NUTNRA301,2019,5,45.830461,-129.753287,N/A,2611
RS03AXPS-SF03A-4A-NUTNRA301,2020,6,45.830461,-129.753287,N/A,2611
RS03AXPS-SF03A-4A-NUTNRA301,2021,7,45.830461,-129.753287,N/A,2611
RS03AXPS-SF03A-4A-NUTNRA301,2022,8,45.816712,-129.754055,N/A,2611
RS03AXPS-SF03A-4B-VELPTD302,2014,1,45.830481,-129.753284,N/A,2611
RS03AXPS-SF03A-4B-VELPTD302,2015,2,45.830481,-129.753284,N/A,2611
RS03AXPS-SF03A-4B-VELPTD302,2016,3,45.830481,-129.753284,N/A,2611
RS03AXPS-SF03A-4B-VELPTD302,2017,4,45.830481,-129.753284,N/A,2611
RS03AXPS-SF03A-4B-VELPTD302,2019,5,45.830461,-129.753287,N/A,2611
RS03AXPS-SF03A-4B-VELPTD302,2020,6,45.830461,-129.753287,N/A,2611
RS03AXPS-SF03A-4B-VELPTD302,2021,7,45.830461,-129.753287,N/A,2611
RS03AXPS-SF03A-4B-VELPTD302,2022,8,45.816712,-129.754055,N/A,2611
RS03AXPS-SF03A-4F-PCO2WA301,2014,1,45.830481,-129.753284,N/A,2611
RS03AXPS-SF03A-4F-PCO2WA301,2015,2,45.830481,-129.753284,N/A,2611
RS03AXPS-SF03A-4F-PCO2WA301,2016,3,45.830481,-129.753284,N/A,2611
RS03AXPS-SF03A-4F-PCO2WA301,2017,4,45.830481,-129.753284,N/A,2611
RS03AXPS-SF03A-4F-PCO2WA301,2019,5,45.830461,-129.753287,N/A,2611
RS03AXPS-SF03A-4F-PCO2WA301,2020,6,45.830461,-129.753287,N/A,2611
RS03AXPS-SF03A-4F-PCO2WA301,2021,7,45.830461,-129.753287,N/A,2611
RS03AXPS-SF03A-4F-PCO2WA301,2022,8,45.816712,-129.754055,N/A,2611
RS03CCAL-MJ03F-05-BOTPTA301,2014,1,45.954850,-130.008772,1526,1526
RS03CCAL-MJ03F-06-HYDLFA305,2014,1,45.954680,-130.008992,1527,1527
RS03CCAL-MJ03F-06-OBSBBA301,2014,1,45.954683,-130.008979,1527,1527
RS03CCAL-MJ03F-07-AOABPA301,2019,1,45.954846,-130.009253,1532,1532
RS03CCAL-MJ03F-08-FETCHA301,2022,1,45.954785,-130.009127,1531,1531
RS03CCAL-MJ03F-08-SCTAAA301,2018,1,45.955001,-130.008745,1530,1530
RS03CCAL-MJ03F-09-SCPRAA301,2018,1,45.954829,-130.009240,1530,1530
RS03CCAL-MJ03F-11-PADCPA301,2021,1,45.954922,-130.008879,1528,1528
RS03CCAL-MJ03F-12-CTDPFB305,2021,1,45.954851,-130.008838,1527,1527
RS03CCAL-MJ03F-12-CTDPFB305,2022,2,45.954823,-130.008905,1527,1527
RS03ECAL-MJ03E-05-OBSSPA303,2013,1,45.949577,-129.979700,1512,1512
RS03ECAL-MJ03E-06-BOTPTA302,2013,1,45.939888,-129.974114,1519,1519
RS03ECAL-MJ03E-08-OBSSPA304,2013,1,45.936070,-129.978545,1516,1516
RS03ECAL-MJ03E-09-HYDLFA304,2014,1,45.939669,-129.973789,1518,1518
RS03ECAL-MJ03E-09-OBSBBA302,2014,1,45.939671,-129.973776,1519,1519
RS03ECAL-MJ03E-12-CTDPFB306,2020,1,45.939878,-129.974170,1522,1522
RS03ECAL-MJ03E-12-CTDPFB306,2021,2,45.939833,-129.974129,1519,1519
RS03ECAL-MJ03E-12-CTDPFB306,2022,3,45.939836,-129.974092,1518,1518
RS03INT1-MJ03C-05-CAMDSB303,2014,1,45.926168,-129.979014,1521,1521
RS03INT1-MJ03C-05-CAMDSB303,2015,2,45.926162,-129.979011,1518,1518
RS03INT1-MJ03C-05-CAMDSB303,2016,3,45.926144,-129.979015,1523,1523
RS03INT1-MJ03C-05-CAMDSB303,2019,4,45.926230,-129.979109,1524,1524
RS03INT1-MJ03C-05-CAMDSB303,2020,5,45.926237,-129.979102,1524,1524
RS03INT1-MJ03C-05-CAMDSB303,2021,6,45.926270,-129.979056,1521,1521
RS03INT1-MJ03C-05-CAMDSB303,2022,7,45.926273,-129.979037,1521,1521
RS03INT1-MJ03C-06-MASSPA301,2014,1,45.926163,-129.978982,1521,1521
RS03INT1-MJ03C-06-MASSPA301,2015,2,45.926169,-129.978984,1521,1521
RS03INT1-MJ03C-06-MASSPA301,2016,3,45.926163,-129.978982,1523,1523
RS03INT1-MJ03C-06-MASSPA301,2017,4,45.926269,-129.979033,1519,1519
RS03INT1-MJ03C-06-MASSPA301,2018,5,45.926269,-129.979033,1519,1519
RS03INT1-MJ03C-07-D1000A301,2014,1,45.926163,-129.978982,1521,1521
RS03INT1-MJ03C-07-D1000A301,2015,2,45.926169,-129.978984,1521,1521
RS03INT1-MJ03C-07-D1000A301,2016,3,45.926163,-129.978982,1523,1523
RS03INT1-MJ03C-07-D1000A301,2017,4,45.926269,-129.979033,1519,1519
RS03INT1-MJ03C-07-D1000A301,2018,5,45.926269,-129.979033,1519,1519
RS03INT1-MJ03C-07-D1000A301,2019,6,45.926242,-129.979102,1525,1525
RS03INT1-MJ03C-07-D1000A301,2021,7,45.926279,-129.979050,1521,1521
RS03INT1-MJ03C-07-D1000A301,2022,8,45.926306,-129.978995,1521,1521
RS03INT1-MJ03C-07-PPSDNA301,2014,1,45.926163,-129.978982,1521,1521
RS03INT1-MJ03C-07-PPSDNA301,2015,2,45.926169,-129.978984,1521,1521
RS03INT1-MJ03C-07-PPSDNA301,2016,3,45.926163,-129.978982,1523,1523
RS03INT1-MJ03C-07-PPSDNA301,2017,4,45.926269,-129.979033,1519,1519
RS03INT1-MJ03C-07-PPSDNA301,2018,5,45.926269,-129.979033,1519,1519
RS03INT1-MJ03C-07-PPSDNA301,2019,6,45.926242,-129.979102,1525,1525
RS03INT1-MJ03C-07-PPSDNA301,2021,7,45.926279,-129.979050,1521,1521
RS03INT1-MJ03C-07-PPSDNA301,2022,8,45.926306,-129.978995,1521,1521
RS03INT1-MJ03C-07-RASFLA301,2014,1,45.926163,-129.978982,1521,1521
RS03INT1-MJ03C-07-RASFLA301,2015,2,45.926169,-129.978984,1521,1521
RS03INT1-MJ03C-07-RASFLA301,2016,3,45.926163,-129.978982,1523,1523
RS03INT1-MJ03C-07-RASFLA301,2017,4,45.926269,-129.979033,1519,1519
RS03INT1-MJ03C-07-RASFLA301,2018,5,45.926269,-129.979033,1519,1519
RS03INT1-MJ03C-07-RASFLA301,2019,6,45.926242,-129.979102,1525,1525
RS03INT1-MJ03C-07-RASFLA301,2021,7,45.926279,-129.979050,1521,1521
RS03INT1-MJ03C-07-RASFLA301,2022,8,45.926306,-129.978995,1521,1521
RS03INT1-MJ03C-09-THSPHA301,2014,1,45.926386,-129.979064,1519,1519
RS03INT1-MJ03C-09-THSPHA301,2015,2,45.926386,-129.979064,1519,1519
RS03INT1-MJ03C-09-THSPHA301,2017,3,45.926383,-129.979064,1516,1516
RS03INT1-MJ03C-09-THSPHA301,2018,4,45.926383,-129.979055,1522,1522
RS03INT1-MJ03C-09-THSPHA301,2019,5,45.926373,-129.979074,1522,1522
RS03INT1-MJ03C-09-THSPHA301,2020,6,45.926374,-129.979063,1525,1525
RS03INT1-MJ03C-10-TRHPHA301,2014,1,45.926370,-129.979178,1515,1515
RS03INT1-MJ03C-10-TRHPHA301,2015,2,45.926364,-129.979200,1515,1515
RS03INT1-MJ03C-10-TRHPHA301,2016,3,45.926367,-129.979203,1518,1518
RS03INT1-MJ03C-10-TRHPHA301,2017,4,45.926367,-129.979203,1511,1511
RS03INT1-MJ03C-10-TRHPHA301,2019,5,45.926367,-129.979203,1517,1517
RS03INT1-MJ03C-10-TRHPHA301,2020,6,45.926367,-129.979203,1523,1523
RS03INT1-MJ03C-10-TRHPHA301,2021,7,45.926414,-129.979116,1520,1520
RS03INT1-MJ03C-10-TRHPHA301,2022,8,45.926362,-129.979210,1514,1514
RS03INT2-MJ03D-05-OBSSPA305,2014,1,45.925720,-129.978031,1527,1527
RS03INT2-MJ03D-06-BOTPTA303,2014,1,45.925790,-129.977499,1529,1529
RS03INT2-MJ03D-12-VEL3DB304,2014,1,45.925860,-129.977806,1527,1527
RS03INT2-MJ03D-12-VEL3DB304,2016,2,45.925827,-129.977671,1531,1531
RS03INT2-MJ03D-12-VEL3DB304,2018,3,45.925795,-129.977581,1531,1531
